amount,gas_price,gas_used,gas_price_deviation,value,sender_tx_count,is_contract_creation,contract_age,block_gas_used_ratio,sender_fraud_neighbor_ratio,sender_account_age_days,label
0.0,79.300000098,21000.0,0.58600000196,0.0,13211.0,0.0,0.0,0.9999248665965421,0.25,1863.7987072446087,1
0.0,0.624388919,47073.0,0.9875122216200001,0.0,36.0,0.0,0.0,0.4001581,0.0,1505.3760737636105,0
0.0,0.240670689,426139.0,0.99518658622,0.0,5209.0,0.0,0.0,0.4896905,0.16666666666666666,338.6252777458341,1
0.0,1.021945326,438268.0,0.97956109348,0.0,17.0,0.0,0.0,0.9248348666666667,0.0,1491.5120993554647,0
0.01312,1.138182602,21000.0,0.97723634796,0.01312,14829694.0,0.0,0.0,0.43614947884641436,0.0,1864.9881783217827,0
1e-05,68.0,23240.0,0.36,1e-05,48.0,0.0,0.0,0.6937143888353302,0.0,1925.0358640530098,1
1e-07,0.265344025,21000.0,0.9946931195000001,1e-07,0.0,0.0,0.0,0.46995221666666664,0.0,52.50473938524447,0
0.0,1.128653211,44111.0,0.9774269357800001,0.0,16758106.0,0.0,0.0,0.40693233333333334,0.0,1864.9879198387735,0
0.0,50.000000024,21000.0,4.800000397153781e-10,0.0,13121.0,0.0,0.0,0.9999367023343565,0.25,1863.7987072446087,1
1e-18,0.032602752,21000.0,0.9993479449599999,1e-18,158.0,0.0,0.0,0.9999654666666666,0.0,78.54170533248947,0
0.0,50.0,22536.0,0.0,0.0,1112.0,0.0,0.0,0.2825857514858857,0.0,1623.5277412061228,1
0.0,18.184742391,21176.0,0.6363051521799999,0.0,62.0,0.0,0.0,0.7174362,0.0,1174.8615543455685,1
0.0,1.131812372,46109.0,0.9773637525600001,0.0,14301124.0,0.0,0.0,0.3646284166666667,0.0,1832.8374993521059,0
3.261898307693095,0.323655772,21000.0,0.9935268845599999,3.261898307693095,8.0,0.0,0.0,0.3340990166666667,0.0,534.0552660280576,0
0.0,1.131569896,52191.0,0.97736860208,0.0,14301097.0,0.0,0.0,0.4257889,0.0,1832.8374993521059,0
0.0,33.789051617,30344.0,0.32421896766,0.0,70.0,0.0,0.0,0.5352811666666667,0.0,1174.8615543455685,1
0.0,8.1,335243.0,0.838,0.0,594.0,0.0,0.0,0.9957928,0.5,2492.447584762046,1
0.0,0.35803785,22080.0,0.9928392429999999,0.0,887.0,0.0,0.0,0.7251885666666666,0.0,28.0733089123142,0
0.01,93.028194596,21000.0,0.8605638919200002,0.01,0.0,0.0,0.0,0.28510853333333336,0.16666666666666666,1138.2855325279743,1
323.46025293,90.0,21000.0,0.8,323.46025293,14339.0,0.0,0.0,0.5212964554788393,0.0,3065.734394984328,1
32.0,1.0,56402.0,0.98,32.0,0.0,0.0,0.0,0.5704221585677173,0.0,0.3484160689126562,0
0.0,1.128625458,51796.0,0.9774274908399999,0.0,14829715.0,0.0,0.0,0.5008630833333333,0.0,1864.9881783217827,0
1.0160146254608e-05,0.117332736,21000.0,0.9976533452799999,1.0160146254608e-05,0.0,0.0,0.0,0.3524090166666667,1.0,18.194613575245494,1
0.0,8.0,32096.0,0.84,0.0,157.0,0.0,0.0,0.9995700756175284,0.0,2493.654396668137,1
0.0,0.124750097,23913.0,0.9975049980599999,0.0,407.0,0.0,0.0,0.43541085,0.0,182.82163146741965,0
0.0,0.628992341,30528.0,0.98742015318,0.0,4.0,0.0,0.0,0.5942336833333334,0.0,0.0166879550339999,0
0.1,2.132230539,924652.0,0.9573553892200001,0.1,1.0,0.0,0.0,0.42357446666666665,0.5,0.009394825277505098,1
0.00932,1.134229987,21000.0,0.9773154002600001,0.00932,16758125.0,0.0,0.0,0.21272853333333333,0.0,1864.9879198387735,0
0.0,0.161573132,132300.0,0.9967685373599999,0.0,1269.0,0.0,0.0,0.39673505,0.0,1882.6265903650115,0
0.0,1.13116262,46109.0,0.9773767476,0.0,14829712.0,0.0,0.0,0.3058412,0.0,1864.9881783217827,0
0.0,0.149216727,317672.0,0.99701566546,0.0,3.0,0.0,0.0,0.27703951666666665,0.5,3.8411210678021113,1
0.0,2.0,26480.0,0.96,0.0,289320.0,0.0,0.0,0.4563953494030073,0.0,463.25338440138984,1
0.0,0.224553136,406812.0,0.99550893728,0.0,3541.0,0.0,0.0,0.9973320112867552,1.0,363.69342323739494,1
0.0,1.138721327,63197.0,0.97722557346,0.0,14829686.0,0.0,0.0,0.4792229885951725,0.0,1864.9881783217827,0
0.0,21.401786197,21000.0,0.57196427606,0.0,199.0,0.0,0.0,0.07898833333333333,0.0,3067.720349474028,1
0.0,50.0,22536.0,0.0,0.0,1107.0,0.0,0.0,0.3296113666666667,0.0,1623.5277412061228,1
0.0,1.0,22712.0,0.98,0.0,70884.0,0.0,0.0,0.9344048251158023,0.0,463.25338440138984,1
32.0,1.0,50450.0,0.98,32.0,0.0,0.0,0.0,0.7823884,0.0,0.34447066896767525,0
10.0,0.115300833,910987.0,0.99769398334,10.0,9.0,0.0,0.0,0.6881549333333333,0.25,60.292210290012534,1
0.0,0.462942152,22700.0,0.9907411569600001,0.0,857.0,0.0,0.0,0.6512233166666667,0.0,28.0733089123142,0
0.0,0.111997036,90894.0,0.99776005928,0.0,30.0,0.0,0.0,0.9498091,0.0,1639.2256878420822,0
0.0,2.0,26480.0,0.96,0.0,286193.0,0.0,0.0,0.48781847222222224,0.0,463.25338440138984,1
1e-18,0.030725187,21000.0,0.99938549626,1e-18,179.0,0.0,0.0,0.9842235,0.0,78.54170533248947,0
0.0,1.131750025,46109.0,0.9773649995,0.0,14829718.0,0.0,0.0,0.19935808333333332,0.0,1864.9881783217827,0
0.0,1.0,22712.0,0.98,0.0,132578.0,0.0,0.0,0.18977088888888888,0.0,463.25338440138984,1
0.0,49.394847255,25336.0,0.01210305489999996,0.0,106.0,0.0,0.0,0.4169886666666667,0.09090909090909091,1845.7975291729028,1
0.0,0.236553702,24259.0,0.9952689259599999,0.0,0.0,0.0,0.0,0.28946615,0.0,64.40277373024159,0
32.0,1.138483753,53502.0,0.97723032494,32.0,31522.0,0.0,0.0,0.18868648333333332,0.0,1150.9223480155788,0
10.0,0.174595887,905779.0,0.99650808226,10.0,17.0,0.0,0.0,0.21573923333333334,0.3333333333333333,60.324708330369106,1
0.0,0.619785012,47073.0,0.98760429976,0.0,37.0,0.0,0.0,0.34886693333333335,0.0,1505.3760737636105,0
1e-05,5.0,25336.0,0.9,1e-05,4.0,0.0,0.0,0.9993992,0.25,1171.6604798234835,1
0.0,0.089646343,24636.0,0.99820707314,0.0,341.0,0.0,0.0,0.622447907796894,0.0,182.82163146741965,0
0.0,1.078940792,60083.0,0.97842118416,0.0,253.0,0.0,0.0,0.9996182666666666,0.0,1635.5973117071417,0
0.0,1.122999966,63209.0,0.9775400006799999,0.0,14829698.0,0.0,0.0,0.4676698833333333,0.0,1864.9881783217827,0
0.0,1.0,22712.0,0.98,0.0,78961.0,0.0,0.0,0.4005757227819527,0.0,463.25338440138984,1
0.0069,26.680795304,21272.0,0.46638409392,0.0069,10.0,0.0,0.0,0.8560339666666666,0.07142857142857142,1023.9703636584956,1
0.0,1.0,22712.0,0.98,0.0,130851.0,0.0,0.0,0.40266558333333335,0.0,463.25338440138984,1
0.0,1.126737328,46109.0,0.97746525344,0.0,14301081.0,0.0,0.0,0.3952361166666667,0.0,1832.8374993521059,0
0.0,1.0,22712.0,0.98,0.0,87161.0,0.0,0.0,0.5655779444444444,0.0,463.25338440138984,1
23.43479353284355,0.32184763,21000.0,0.9935630474,23.43479353284355,2.0,0.0,0.0,0.5593574833333333,0.0,244.71116400254544,0
10.0,0.193010553,940276.0,0.99613978894,10.0,36.0,0.0,0.0,0.8123703,0.3333333333333333,180.8413764703936,1
10.0,0.221685138,935068.0,0.99556629724,10.0,37.0,0.0,0.0,0.8824181333333333,0.3333333333333333,180.8413764703936,1
1.0,0.248109953,929860.0,0.99503780094,1.0,39.0,0.0,0.0,0.6415608333333334,0.3333333333333333,180.8413764703936,1
0.0,1.0,22712.0,0.98,0.0,105130.0,0.0,0.0,0.33080168278932426,0.0,463.25338440138984,1
0.0,1.130105051,63209.0,0.97739789898,0.0,14829692.0,0.0,0.0,0.9001240177741571,0.0,1864.9881783217827,0
0.0001,64.637738526,23320.0,0.29275477052000015,0.0001,0.0,0.0,0.0,0.9044167113508536,0.3333333333333333,1476.7467319968978,1
0.0,3.115241284,349055.0,0.93769517432,0.0,8.0,0.0,0.0,0.38010183333333336,0.16666666666666666,0.35157747737235495,1
0.1,5.0,877582.0,0.9,0.1,127.0,0.0,0.0,0.9983494253108198,0.0,2847.8366204826975,1
0.1,5.357220217,889398.0,0.8928555956600001,0.1,8.0,0.0,0.0,0.9987446515684191,0.0,2465.5168440293273,1
10.0,0.127591609,900571.0,0.99744816782,10.0,21.0,0.0,0.0,0.6316060333333333,0.25,60.292210290012534,1
10.0,0.620890307,929860.0,0.9875821938599999,10.0,3.0,0.0,0.0,0.2649670867707982,1.0,2.4169502186471665,1
0.0,1.0,22712.0,0.98,0.0,67534.0,0.0,0.0,0.5063021666666667,0.0,463.25338440138984,1
0.0,0.048834277,24144.0,0.99902331446,0.0,68.0,0.0,0.0,0.6475416626850007,0.0,249.0124034884517,0
0.0,36.625905891,23000.0,0.26748188217999996,0.0,75.0,0.0,0.0,0.9913092,0.2857142857142857,1172.1092236114569,1
0.0,93.100000037,21000.0,0.86200000074,0.0,13053.0,0.0,0.0,0.9993191987745578,0.25,1863.7987072446087,1
0.0,3.126604544,409443.0,0.93746790912,0.0,8957.0,0.0,0.0,0.6239987333333333,0.3333333333333333,1431.4685178586924,1
0.0,1.12912891,51614.0,0.9774174218,0.0,14829710.0,0.0,0.0,0.6408930333333334,0.0,1864.9881783217827,0
0.0,21.412829555,21000.0,0.5717434089000001,0.0,200.0,0.0,0.0,0.07898833333333333,0.0,3067.720349474028,1
0.0,1.125960435,46097.0,0.9774807913,0.0,14301128.0,0.0,0.0,0.5668734041082252,0.0,1832.8374993521059,0
0.0,0.629934842,25056.0,0.9874013031600001,0.0,5.0,0.0,0.0,0.43624188333333336,0.0,31.578503485451694,0
0.0,1.0,22712.0,0.98,0.0,138849.0,0.0,0.0,0.3532033611111111,0.0,463.25338440138984,1
0.0,0.339949496,21487.0,0.99320101008,0.0,882.0,0.0,0.0,0.6294473166666666,0.0,28.0733089123142,0
0.0,0.418376051,22730.0,0.99163247898,0.0,852.0,0.0,0.0,0.4243097,0.0,28.0733089123142,0
32.0,1.0,62355.0,0.98,32.0,0.0,0.0,0.0,0.5704221585677173,0.0,0.34894565423605617,0
0.1,11.0,883496.0,0.78,0.1,53.0,0.0,0.0,0.9984849772776664,0.3333333333333333,2360.112835082986,1
10.0,0.11255429,900571.0,0.9977489142,10.0,9.0,0.0,0.0,0.8756423,0.3333333333333333,60.324708330369106,1
0.1,0.623506058,924652.0,0.9875298788400001,0.1,17.0,0.0,0.0,0.3749986166666667,1.0,2.4169502186471665,1
0.0,49.500000049,21000.0,0.00999999901999999,0.0,13169.0,0.0,0.0,0.9998197573323765,0.25,1863.7987072446087,1
0.0,0.075034115,24320.0,0.9984993177,0.0,340.0,0.0,0.0,0.7806697332724932,0.0,182.82163146741965,0
0.0,10.0,310243.0,0.8,0.0,602.0,0.0,0.0,0.9981448239979188,0.5,2492.447584762046,1
32.0,1.0,56414.0,0.98,32.0,0.0,0.0,0.0,0.44584565,0.0,0.3457820721853662,0
0.0,1.118674959,51626.0,0.9776265008199999,0.0,16758124.0,0.0,0.0,0.9688659,0.0,1864.9879198387735,0
0.0,5.0,335231.0,0.9,0.0,600.0,0.0,0.0,0.9982912422162639,0.5,2492.447584762046,1
0.0,1.120115465,117768.0,0.9775976907,0.0,14301120.0,0.0,0.0,0.8167684333333334,0.0,1832.8374993521059,0
32.0,1.0,53426.0,0.98,32.0,0.0,0.0,0.0,0.5704221585677173,0.0,0.3487157474982518,0
0.0,50.000000059,21000.0,1.1800000265793641e-09,0.0,13067.0,0.0,0.0,0.9994508666666667,0.25,1863.7987072446087,1
0.0,89.470083601,21000.0,0.78940167202,0.0,13124.0,0.0,0.0,0.999072304810128,0.25,1863.7987072446087,1
0.0,0.480434234,22520.0,0.99039131532,0.0,858.0,0.0,0.0,0.4428878333333333,0.0,28.0733089123142,0
1.0,0.634696216,929848.0,0.98730607568,1.0,9.0,0.0,0.0,0.38482051666666667,1.0,2.4169502186471665,1
0.0,5.0,301847.0,0.9,0.0,11.0,0.0,0.0,0.9999815746098123,0.14285714285714285,2555.669737049769,1
0.0,3.0,301835.0,0.94,0.0,22.0,0.0,0.0,0.9974201,0.14285714285714285,2365.8111198177107,1
0.0,1.116466545,44135.0,0.9776706691,0.0,16758129.0,0.0,0.0,0.9948821833333333,0.0,1864.9879198387735,0
0.0,0.150007694,46022.0,0.9969998461199999,0.0,1142.0,0.0,0.0,0.7202043666666667,0.0,1128.6642023214808,0
0.1,7.0,868496.0,0.86,0.1,141.0,0.0,0.0,0.9986467605636059,0.0,2895.212701584316,1
0.0,17.855340835,22376.0,0.6428931833,0.0,20.0,0.0,0.0,0.4067306,0.2222222222222222,3050.424606948208,1
0.0,0.032391956,24776.0,0.99935216088,0.0,94.0,0.0,0.0,0.6055381833333333,0.0,736.4063940922916,0
2.0,60.181104864,26696.0,0.20362209727999997,2.0,37.0,0.0,0.0,0.4440731333333333,0.0625,1529.6988304990282,1
10.0,0.142863022,916195.0,0.99714273956,10.0,2.0,0.0,0.0,0.6740602903572759,0.3333333333333333,60.324708330369106,1
0.0,0.230631287,65255.0,0.99538737426,0.0,343.0,0.0,0.0,0.6982702,0.0,2993.8646170509605,0
0.0,0.229801336,24259.0,0.99540397328,0.0,12.0,0.0,0.0,0.5381677058519745,0.0,248.76468162057853,0
0.1,11.0,889398.0,0.78,0.1,50.0,0.0,0.0,0.9989072278442476,0.3333333333333333,2360.112835082986,1
1e-18,0.050206109,21000.0,0.99899587782,1e-18,235.0,0.0,0.0,0.1717097,0.0,78.54170533248947,0
0.0,0.153088552,39788.0,0.99693822896,0.0,15.0,0.0,0.0,0.59100805,0.0,93.20540021210633,0
2e-07,0.185574362,21062.0,0.9962885127600001,2e-07,22.0,0.0,0.0,0.6225069833333333,0.0,22.55149035891173,0
111.66954700000001,1.672947701,49122.0,0.96654104598,111.66954700000001,44613.0,0.0,0.0,0.54831515,0.0,260.8025572064905,0
10.0,0.143226656,910987.0,0.99713546688,10.0,13.0,0.0,0.0,0.9898290333333334,0.3333333333333333,60.324708330369106,1
0.0,1.131750025,51626.0,0.9773649995,0.0,16758112.0,0.0,0.0,0.19935808333333332,0.0,1864.9879198387735,0
0.0,1.14235924,56586.0,0.9771528152000001,0.0,14829683.0,0.0,0.0,0.2235758,0.0,1864.9881783217827,0
21629.48215,55.246679674,21000.0,0.10493359347999999,21629.48215,32.0,0.0,0.0,0.9995944333333333,0.0625,1529.6988304990282,1
0.1,0.150034276,924652.0,0.99699931448,0.1,1.0,0.0,0.0,0.34258246666666664,0.5,0.13509974538176148,1
0.0001,39.156599456,21000.0,0.21686801087999996,0.0001,14.0,0.0,0.0,0.9994361666666667,0.0,1736.7333869413783,1
0.0,1.0,22712.0,0.98,0.0,80690.0,0.0,0.0,0.25191048741442146,0.0,463.25338440138984,1
0.0,1.121385085,63209.0,0.9775722983,0.0,14829722.0,0.0,0.0,0.41069325,0.0,1864.9881783217827,0
1.1136837429668e-05,0.189722547,21000.0,0.9962055490599999,1.1136837429668e-05,0.0,0.0,0.0,0.805434,0.0,20.924410222950907,0
0.1,5.0,883496.0,0.9,0.1,126.0,0.0,0.0,0.9992606377275183,0.0,2847.8366204826975,1
0.0,31.808692051,21288.0,0.36382615898,0.0,27.0,0.0,0.0,0.5910434333333333,0.0,1673.9068466497572,1
0.0,1.0,22712.0,0.98,0.0,113208.0,0.0,0.0,0.7083540555555555,0.0,463.25338440138984,1
0.0,100.138745421,44450.0,1.00277490842,0.0,1217.0,0.0,0.0,0.31217738333333334,0.0,2067.801366154132,0
0.0,1.129627661,63209.0,0.97740744678,0.0,14829727.0,0.0,0.0,0.5674149666666667,0.0,1864.9881783217827,0
0.0,54.000000027,21000.0,0.08000000053999998,0.0,13045.0,0.0,0.0,0.9987758130654922,0.25,1863.7987072446087,1
0.0,1.128625458,79295.0,0.9774274908399999,0.0,16758102.0,0.0,0.0,0.5008630833333333,0.0,1864.9879198387735,0
10.0,0.118808871,900571.0,0.99762382258,10.0,22.0,0.0,0.0,0.9930148666666667,0.25,60.292210290012534,1
0.0,1.120115465,63209.0,0.9775976907,0.0,14301122.0,0.0,0.0,0.8167684333333334,0.0,1832.8374993521059,0
0.0,22.301372797,23096.0,0.5539725440600001,0.0,66.0,0.0,0.0,0.7449890666666666,0.2857142857142857,1172.1092236114569,1
25127.5192,45.896137506,21000.0,0.08207724987999995,25127.5192,34.0,0.0,0.0,0.674233287853206,0.0625,1529.6988304990282,1
0.0,1.125960435,46109.0,0.9774807913,0.0,14829731.0,0.0,0.0,0.5668734041082252,0.0,1864.9881783217827,0
8e-06,0.186685678,21062.0,0.9962662864399999,8e-06,5.0,0.0,0.0,0.17993631666666668,0.0,22.55434736256798,0
0.0,9.0,310243.0,0.82,0.0,595.0,0.0,0.0,0.9996431293784316,0.5,2492.447584762046,1
0.000116675106282875,1.147110538,21062.0,0.97705778924,0.000116675106282875,1.0,0.0,0.0,0.5360334333333333,0.0,52.59742492236197,0
0.0,9.0,335231.0,0.82,0.0,599.0,0.0,0.0,0.9998329560173194,0.5,2492.447584762046,1
0.0,50.0,22536.0,0.0,0.0,1111.0,0.0,0.0,0.9000925929163505,0.0,1623.5277412061228,1
0.0,160.000000069,21000.0,2.2000000013800003,0.0,13144.0,0.0,0.0,0.9992969333333334,0.25,1863.7987072446087,1
65.0,0.289399098,50514.0,0.99421201804,65.0,10.0,0.0,0.0,0.5580835840687007,0.0,677.3920904196964,0
0.0,21.619837943,22328.0,0.56760324114,0.0,22.0,0.0,0.0,0.5164206333333333,0.0,958.3975503515397,1
0.0,1.131750025,63209.0,0.9773649995,0.0,16758113.0,0.0,0.0,0.19935808333333332,0.0,1864.9879198387735,0
0.0,94.000000045,21000.0,0.8800000008999999,0.0,13159.0,0.0,0.0,0.9999213899065307,0.25,1863.7987072446087,1
8.1920691,0.32184763,21000.0,0.9935630474,8.1920691,0.0,0.0,0.0,0.5593574833333333,0.0,0.00929817678199874,0
0.0,1.125659848,63209.0,0.97748680304,0.0,16758108.0,0.0,0.0,0.5899933982198082,0.0,1864.9879198387735,0
0.1,5.0,883484.0,0.9,0.1,128.0,0.0,0.0,0.9983494253108198,0.0,2847.8366204826975,1
0.0,9.0,310243.0,0.82,0.0,598.0,0.0,0.0,0.9997323472315143,0.5,2492.447584762046,1
1e-18,0.030142921,21000.0,0.99939714158,1e-18,116.0,0.0,0.0,0.9998130166666667,0.0,78.54170533248947,0
0.0,1.113596886,85763.0,0.97772806228,0.0,14301107.0,0.0,0.0,0.7742399,0.0,1832.8374993521059,0
0.1,2.136030284,929860.0,0.95727939432,0.1,1.0,0.0,0.0,0.16843382667880202,0.5,0.17020141932699415,1
0.042,20.864763321,21000.0,0.58270473358,0.042,65.0,0.0,0.0,0.36456900693107314,0.0,1174.8615543455685,1
0.00069,31.257661573,21000.0,0.37484676854,0.00069,55.0,0.0,0.0,0.84966481660385,0.0,1900.0664636787606,1
0.0,80.680843298,21000.0,0.61361686596,0.0,13138.0,0.0,0.0,0.9987781482787735,0.25,1863.7987072446087,1
0.0,0.670628194,47073.0,0.98658743612,0.0,33.0,0.0,0.0,0.5743604833333333,0.0,1505.3760737636105,0
1.0,0.224071541,935068.0,0.99551856918,1.0,38.0,0.0,0.0,0.9996922995202249,0.3333333333333333,180.8413764703936,1
0.0,22.271320847,24568.0,0.55457358306,0.0,74.0,0.0,0.0,0.6919482666666666,0.09090909090909091,1845.7975291729028,1
0.0,82.100000059,21000.0,0.6420000011799999,0.0,13097.0,0.0,0.0,0.9999797330698632,0.25,1863.7987072446087,1
10.0,0.120724437,910987.0,0.9975855112600001,10.0,10.0,0.0,0.0,0.58969885,0.25,60.292210290012534,1
10.0,0.613485593,935068.0,0.98773028814,10.0,0.0,0.0,0.0,0.7781053117334257,1.0,2.4169502186471665,1
10.0,0.129001763,905779.0,0.99741996474,10.0,6.0,0.0,0.0,0.6514807833333334,0.25,60.292210290012534,1
6.9e-05,42.824264806,21000.0,0.14351470387999996,6.9e-05,53.0,0.0,0.0,0.9993159,0.0,1900.0664636787606,1
0.0005,1.644443142,21000.0,0.96711113716,0.0005,13.0,0.0,0.0,0.7658600109003437,0.0,18.330747586910924,0
0.04964049,1.101915086,21000.0,0.97796169828,0.04964049,14829700.0,0.0,0.0,0.7641038395361016,0.0,1864.9881783217827,0
0.0,1.0,22712.0,0.98,0.0,124501.0,0.0,0.0,0.5205831166603131,0.0,463.25338440138984,1
0.1,0.621839581,924652.0,0.9875632083799999,0.1,16.0,0.0,0.0,0.49697295,1.0,2.4169502186471665,1
0.0,1.063578109,118089.0,0.9787284378200001,0.0,21.0,0.0,0.0,0.32588168333333334,0.0,820.7086538874993,0
0.0,1.120115465,34436.0,0.9775976907,0.0,16758134.0,0.0,0.0,0.8167684333333334,0.0,1864.9879198387735,0
0.00042069,24.300324698,21144.0,0.5139935060399999,0.00042069,23.0,0.0,0.0,0.7809535,0.1,1023.9694269362975,1
0.0,1.0,22712.0,0.98,0.0,119612.0,0.0,0.0,0.614058438653881,0.0,463.25338440138984,1
10.0,0.114060312,905779.0,0.9977187937600001,10.0,20.0,0.0,0.0,0.904763776192254,0.25,60.292210290012534,1
0.0,28.010395193,39832.0,0.43979209614,0.0,12.0,0.0,0.0,0.9994745333333334,0.1,1267.7982960949894,1
0.0,110.031921856,21000.0,1.2006384371199998,0.0,13086.0,0.0,0.0,0.9992689333333333,0.25,1863.7987072446087,1
0.0,2.0,301823.0,0.96,0.0,12.0,0.0,0.0,0.9979191786142831,0.14285714285714285,2555.669737049769,1
0.0005,2.243617495,21000.0,0.9551276501,0.0005,15.0,0.0,0.0,0.38349703098884613,0.0,18.330747586910924,0
0.0,50.0,22536.0,0.0,0.0,1109.0,0.0,0.0,0.9995273943758732,0.0,1623.5277412061228,1
0.0,0.247542186,21487.0,0.99504915628,0.0,914.0,0.0,0.0,0.3680086833333333,0.0,28.0733089123142,0
0.0,2.0,25672.0,0.96,0.0,21.0,0.0,0.0,0.9998065666666667,0.1,1267.7982960949894,1
0.0,1.113711112,63209.0,0.97772577776,0.0,14301088.0,0.0,0.0,0.59720325,0.0,1832.8374993521059,0
0.0,48.000000007,21000.0,0.03999999986000006,0.0,13115.0,0.0,0.0,0.9999308666666666,0.25,1863.7987072446087,1
0.0,1.12735146,79271.0,0.9774529708,0.0,16758138.0,0.0,0.0,0.2810218,0.0,1864.9879198387735,0
0.0,2.0,26480.0,0.96,0.0,301205.0,0.0,0.0,0.7367486996316678,0.0,463.25338440138984,1
0.0,0.355386834,22080.0,0.99289226332,0.0,883.0,0.0,0.0,0.8524391666666666,0.0,28.0733089123142,0
0.0,1.125960435,51724.0,0.9774807913,0.0,14829730.0,0.0,0.0,0.5668734041082252,0.0,1864.9881783217827,0
0.0,1.130875849,36842.0,0.97738248302,0.0,14301119.0,0.0,0.0,0.2603448520928971,0.0,1832.8374993521059,0
32.0,1.0,53414.0,0.98,32.0,0.0,0.0,0.0,0.5704221585677173,0.0,0.3485063542260064,0
0.0,1.140993063,51615.0,0.97718013874,0.0,14301096.0,0.0,0.0,0.4844794333333333,0.0,1832.8374993521059,0
0.0,0.283223698,57034.0,0.99433552604,0.0,3412.0,0.0,0.0,0.7256256333333333,0.0,2949.883440658439,0
32.0,1.0,50438.0,0.98,32.0,0.0,0.0,0.0,0.5704221585677173,0.0,0.34866909678335545,0
0.0,1.0,22712.0,0.98,0.0,92091.0,0.0,0.0,0.3828404166666667,0.0,463.25338440138984,1
10.0,0.124648747,910987.0,0.99750702506,10.0,2.0,0.0,0.0,0.6157710542935528,0.25,60.292210290012534,1
0.0,0.268828009,21487.0,0.9946234398199999,0.0,915.0,0.0,0.0,0.36170463333333336,0.0,28.0733089123142,0
0.0,124.919264178,21000.0,1.4983852835600002,0.0,13187.0,0.0,0.0,0.9998784144956614,0.25,1863.7987072446087,1
0.0,1.119830681,434419.0,0.9776033863799999,0.0,6782.0,0.0,0.0,0.45886791666666665,1.0,1150.7246403815625,1
0.2527669,1.128486987,21000.0,0.9774302602599999,0.2527669,16758109.0,0.0,0.0,0.6015834715042979,0.0,1864.9879198387735,0
0.0,28.187120513,23752.0,0.43625758974,0.0,1.0,0.0,0.0,0.3166946333333333,0.25,1151.3597341039474,1
0.0,1.134229987,63209.0,0.9773154002600001,0.0,14301112.0,0.0,0.0,0.21272853333333333,0.0,1832.8374993521059,0
0.0,1.0,22712.0,0.98,0.0,88920.0,0.0,0.0,0.6249068333333333,0.0,463.25338440138984,1
0.0,1.134188696,63209.0,0.9773162260799999,0.0,14829696.0,0.0,0.0,0.28283165,0.0,1864.9881783217827,0
0.0,1.13116262,113603.0,0.9773767476,0.0,16758097.0,0.0,0.0,0.3058412,0.0,1864.9879198387735,0
10.0,0.616281425,929860.0,0.9876743715,10.0,4.0,0.0,0.0,0.3718446699191031,1.0,2.4169502186471665,1
0.0,1.113596886,39237.0,0.97772806228,0.0,16758120.0,0.0,0.0,0.7742399,0.0,1864.9879198387735,0
0.0,0.218524645,22080.0,0.9956295071,0.0,909.0,0.0,0.0,0.3837910333333333,0.0,28.0733089123142,0
0.1,0.601100827,929860.0,0.98797798346,0.1,12.0,0.0,0.0,0.5762645166666667,1.0,2.4169502186471665,1
0.0,5.0,301847.0,0.9,0.0,12.0,0.0,0.0,0.9995974135070274,0.1,2366.8341867378135,1
10.0,0.121843845,910987.0,0.9975631231,10.0,12.0,0.0,0.0,0.57704715,0.25,60.292210290012534,1
0.1,2.136761397,929860.0,0.9572647720599999,0.1,0.0,0.0,0.0,0.5303712833333334,0.5,0.17020141932699415,1
9.99992,1.104383185,21000.0,0.9779123363,9.99992,14301091.0,0.0,0.0,0.9996643833333333,0.0,1832.8374993521059,0
0.0090648,14.0,21000.0,0.72,0.0090648,525477.0,0.0,0.0,0.4714504,0.0,2840.3937625049057,1
1.0,0.151564813,929860.0,0.99696870374,1.0,40.0,0.0,0.0,0.5401154666666667,0.3333333333333333,180.8413764703936,1
0.0,1.116466545,113615.0,0.9776706691,0.0,16758131.0,0.0,0.0,0.9948821833333333,0.0,1864.9879198387735,0
0.0,132.68016746,21000.0,1.6536033492000002,0.0,13141.0,0.0,0.0,0.9992610784677545,0.25,1863.7987072446087,1
10.0,0.470810693,905767.0,0.9905837861400001,10.0,9.0,0.0,0.0,0.5779722,0.0,60.504648833934354,1
0.0,1.150928887,44222.0,0.9769814222600001,0.0,43.0,0.0,0.0,0.6691861166666667,0.0,134.94258981748862,0
0.0,1.118674959,34526.0,0.9776265008199999,0.0,14301109.0,0.0,0.0,0.9688659,0.0,1832.8374993521059,0
0.0,1.118905918,39388.0,0.97762188164,0.0,14829689.0,0.0,0.0,0.7953753222732228,0.0,1864.9881783217827,0
0.0,0.167758468,48075.0,0.99664483064,0.0,409.0,0.0,0.0,0.4753914166666667,0.0,1761.6939593353482,0
0.0,74.100000026,21000.0,0.4820000005200001,0.0,13083.0,0.0,0.0,0.9989321780781757,0.25,1863.7987072446087,1
0.0,0.225695238,434300.0,0.99548609524,0.0,4156.0,0.0,0.0,0.36619531666666666,1.0,1099.7527767634144,1
10.0,0.160765797,916195.0,0.99678468406,10.0,14.0,0.0,0.0,0.7987940333333333,0.3333333333333333,60.324708330369106,1
1.0,3.121439187,935068.0,0.93757121626,1.0,46.0,0.0,0.0,0.8566479119075748,0.3333333333333333,1366.8325401446389,1
10.0,0.119689822,905779.0,0.9976062035600001,10.0,1.0,0.0,0.0,0.7442739333333334,0.3333333333333333,60.324708330369106,1
0.136,69.678923008,21000.0,0.39357846016,0.136,73.0,0.0,0.0,0.3963999,0.0,1174.8615543455685,1
0.0005,1.646716042,21000.0,0.96706567916,0.0005,14.0,0.0,0.0,0.42369138333333334,0.0,18.330747586910924,0
0.1,0.611165654,919444.0,0.9877766869200001,0.1,18.0,0.0,0.0,0.29511593333333336,1.0,2.4169502186471665,1
0.0,2.110023251,24320.0,0.9577995349799999,0.0,78.0,0.0,0.0,0.47305245,0.0,249.0124034884517,0
0.0,0.62453268,30404.0,0.9875093464,0.0,336.0,0.0,0.0,0.3145077666666667,0.0,1557.6539689365636,0
0.0,91.480752535,21000.0,0.8296150506999999,0.0,13199.0,0.0,0.0,0.9996284368093666,0.25,1863.7987072446087,1
0.0,0.128800109,187984.0,0.99742399782,0.0,1438.0,0.0,0.0,0.46646535,0.0,2192.388633743886,0
0.0,1.12184763,46109.0,0.9775630474,0.0,16758114.0,0.0,0.0,0.5593574833333333,0.0,1864.9879198387735,0
0.0,1.0,22712.0,0.98,0.0,116358.0,0.0,0.0,0.38706080555555555,0.0,463.25338440138984,1
0.0,1.150316767,101173.0,0.97699366466,0.0,31.0,0.0,0.0,0.34620349111996646,0.0,1505.3760737636105,0
0.0,19.619157444,21816.0,0.60761685112,0.0,31.0,0.0,0.0,0.9881877666666666,0.14285714285714285,1546.586450998957,1
1e-06,1.138519965,21000.0,0.9772296007,1e-06,1890.0,0.0,0.0,0.7477945536918348,0.0,281.2658445861687,1
10.0,0.148655128,910975.0,0.99702689744,10.0,1.0,0.0,0.0,0.3871042333333333,0.25,60.292210290012534,1
0.0,1.14235924,51536.0,0.9771528152000001,0.0,14829682.0,0.0,0.0,0.2235758,0.0,1864.9881783217827,0
0.1,11.0,895300.0,0.78,0.1,48.0,0.0,0.0,0.9977856417309201,0.3333333333333333,2360.112835082986,1
720.0,0.120077835,56454.0,0.9975984433,720.0,33.0,0.0,0.0,0.6963622333333334,0.0,603.3722991239224,0
0.0,300.048995148,21000.0,5.00097990296,0.0,13190.0,0.0,0.0,0.9991394478559039,0.25,1863.7987072446087,1
0.0,1.0,22712.0,0.98,0.0,121351.0,0.0,0.0,0.5120879722222222,0.0,463.25338440138984,1
1e-05,34.0,22440.0,0.32,1e-05,0.0,0.0,0.0,0.5420109392102099,0.08333333333333333,1555.103079905866,1
0.0,1.104383185,56277.0,0.9779123363,0.0,14301093.0,0.0,0.0,0.9996643833333333,0.0,1832.8374993521059,0
0.0,1.120115465,46109.0,0.9775976907,0.0,14301121.0,0.0,0.0,0.8167684333333334,0.0,1832.8374993521059,0
3.8,33.033697579,21000.0,0.33932604842,3.8,71.0,0.0,0.0,0.34330652041941906,0.0,1174.8615543455685,1
0.0,1.123034582,34424.0,0.9775393083599999,0.0,14829725.0,0.0,0.0,0.2523347563846852,0.0,1864.9881783217827,0
0.0,50.000000032,21000.0,6.400000529538374e-10,0.0,13070.0,0.0,0.0,0.9989179477661266,0.25,1863.7987072446087,1
0.000101001,53.16885707,32584.0,0.06337714140000003,0.000101001,0.0,0.0,0.0,0.6483521,0.3333333333333333,1027.6717864013187,1
1.8e-05,0.6,23832.0,0.988,1.8e-05,5.0,0.0,0.0,0.9996048666666667,0.25,1171.6604798234835,1
0.1,11.0,883484.0,0.78,0.1,51.0,0.0,0.0,0.6584191952334677,0.3333333333333333,2360.112835082986,1
0.0,1.131812372,39249.0,0.9773637525600001,0.0,14301123.0,0.0,0.0,0.3646284166666667,0.0,1832.8374993521059,0
0.0,2.071304306,24636.0,0.95857391388,0.0,71.0,0.0,0.0,0.9997404965862664,0.0,249.0124034884517,0
3.2333e-06,1.77911946,21062.0,0.9644176108000001,3.2333e-06,36.0,0.0,0.0,0.49216951666666664,0.0,22.55434736256798,0
0.0,9.0,312010.0,0.82,0.0,596.0,0.0,0.0,0.9984849772776664,0.5,2492.447584762046,1
0.0,0.105388592,23913.0,0.99789222816,0.0,66.0,0.0,0.0,0.6458929359817507,0.0,249.0124034884517,0
0.0,2.817143887,23913.0,0.94365712226,0.0,7181.0,0.0,0.0,0.5020917666666667,0.0,1759.1510739414946,0
0.002830997859189337,0.125452836,27938.0,0.99749094328,0.002830997859189337,1227.0,0.0,0.0,0.5348387666666666,0.0,695.6148071024402,0
0.0,1.118905918,34514.0,0.97762188164,0.0,14829690.0,0.0,0.0,0.7953753222732228,0.0,1864.9881783217827,0
0.0,0.668719326,47073.0,0.98662561348,0.0,35.0,0.0,0.0,0.5952112833333333,0.0,1505.3760737636105,0
0.1,8.0,883484.0,0.84,0.1,796.0,0.0,0.0,0.9987141280308834,0.0,3321.2208254083216,1
0.0,0.357102924,22080.0,0.99285794152,0.0,886.0,0.0,0.0,0.689134954678207,0.0,28.0733089123142,0
0.0,0.1843914,22080.0,0.996312172,0.0,903.0,0.0,0.0,0.38838347126192874,0.0,28.0733089123142,0
33568.151999999995,28.878536969,21000.0,0.42242926062,33568.151999999995,33.0,0.0,0.0,0.6055162,0.0625,1529.6988304990282,1
6.9e-07,29.206702428,28696.0,0.41586595144,6.9e-07,43.0,0.0,0.0,0.810111,0.0,1329.3779538741542,1
0.0,0.077282628,23733.0,0.9984543474400001,0.0,342.0,0.0,0.0,0.45677471726931473,0.0,182.82163146741965,0
0.0,1.0,22712.0,0.98,0.0,143574.0,0.0,0.0,0.2505614380458425,0.0,463.25338440138984,1
0.0,195.109192941,21000.0,2.90218385882,0.0,13073.0,0.0,0.0,0.9991403038291263,0.25,1863.7987072446087,1
0.0,2.788136306,24049.0,0.94423727388,0.0,7180.0,0.0,0.0,0.6436891833333334,0.0,1759.1510739414946,0
32.0,1.0,56402.0,0.98,32.0,0.0,0.0,0.0,0.5704221585677173,0.0,0.34878521990720873,0
0.0,0.529847603,248493.0,0.98940304794,0.0,777.0,0.0,0.0,0.60760665,0.0,1370.5027849310995,0
5.594327888,0.179392662,50526.0,0.99641214676,5.594327888,702.0,0.0,0.0,0.37395701666666664,0.0,207.25609516848291,0
10.0,0.117849311,905779.0,0.99764301378,10.0,14.0,0.0,0.0,0.6842997,0.25,60.292210290012534,1
0.0,0.384911996,22080.0,0.99230176008,0.0,884.0,0.0,0.0,0.33153185,0.0,28.0733089123142,0
0.0001,31.0,21784.0,0.38,0.0001,1.0,0.0,0.0,0.3381422,0.08333333333333333,1557.8435446224996,1
0.0,1.116488923,34436.0,0.97767022154,0.0,14301082.0,0.0,0.0,0.6171109833333334,0.0,1832.8374993521059,0
0.0,36.000000023,21000.0,0.27999999954000004,0.0,13107.0,0.0,0.0,0.9996565976690015,0.25,1863.7987072446087,1
0.0,0.202338626,21615.0,0.99595322748,0.0,906.0,0.0,0.0,0.7709311333333333,0.0,28.0733089123142,0
0.0,1.0,22712.0,0.98,0.0,72632.0,0.0,0.0,0.7946408718686269,0.0,463.25338440138984,1
0.0,1.0,22712.0,0.98,0.0,62829.0,0.0,0.0,0.25809063925243,0.0,463.25338440138984,1
10.0,0.167651088,910975.0,0.99664697824,10.0,15.0,0.0,0.0,0.6998628,0.3333333333333333,60.324708330369106,1
0.0,0.068955376,53096.0,0.9986208924800001,0.0,916.0,0.0,0.0,0.2449101295718646,0.0,3945.7651993292598,0
0.1,21.0,877594.0,0.58,0.1,2.0,0.0,0.0,0.998349898679919,0.2,2381.612379407905,1
0.550913025665823,0.32184763,21000.0,0.9935630474,0.550913025665823,2.0,0.0,0.0,0.5593574833333333,0.0,72.62030093800966,0
32.0,1.0,50450.0,0.98,32.0,0.0,0.0,0.0,0.9719028,0.0,0.34495480339284296,0
0.0,0.137345535,44222.0,0.9972530893,0.0,321.0,0.0,0.0,0.9691310833333333,0.0,3104.372161613413,0
0.0,1.134229987,34424.0,0.9773154002600001,0.0,14301111.0,0.0,0.0,0.21272853333333333,0.0,1832.8374993521059,0
0.0,0.125532511,207182.0,0.9974893497799999,0.0,29.0,0.0,0.0,0.26328471666666664,0.0,1639.2256878420822,0
0.0,1.116466545,51689.0,0.9776706691,0.0,14301115.0,0.0,0.0,0.9948821833333333,0.0,1832.8374993521059,0
0.0,37.076219433,92923.0,0.25847561134,0.0,72.0,0.0,0.0,0.4577727,0.0,1174.8615543455685,1
0.0,50.0,22536.0,0.0,0.0,1110.0,0.0,0.0,0.9995273943758732,0.0,1623.5277412061228,1
207.07513632,100.0,21000.0,1.0,207.07513632,14717.0,0.0,0.0,0.998172625,0.0,3065.7842778737154,1
0.0,0.136472455,22520.0,0.9972705508999999,0.0,147.0,0.0,0.0,0.5936380073020641,0.0,1104.4125432999654,0
0.0,0.266893625,21720.0,0.9946621274999999,0.0,918.0,0.0,0.0,0.28894369116317326,0.0,28.0733089123142,0
0.0,2.379439617,47133.0,0.95241120766,0.0,43.0,0.0,0.0,0.5806523613390029,0.0,3081.582447130567,0
0.0,0.125452836,33071.0,0.99749094328,0.0,1226.0,0.0,0.0,0.5348387666666666,0.0,1697.4120821738297,0
0.1,10.4,877594.0,0.792,0.1,67.0,0.0,0.0,0.9983565601418436,0.0,2601.809303737048,1
0.0,0.138494806,23913.0,0.9972301038800001,0.0,75.0,0.0,0.0,0.7223894833333333,0.0,249.0124034884517,0
0.0,21.671186276,26312.0,0.56657627448,0.0,24.0,0.0,0.0,0.9971662666666666,0.0,1733.7752030410506,1
0.0,1.117422324,34329.0,0.9776515535199999,0.0,14301094.0,0.0,0.0,0.5795843833333333,0.0,1832.8374993521059,0
100.0,20.824234226,21000.0,0.58351531548,100.0,38.0,0.0,0.0,0.3777323,0.0,1174.8615543455685,1
0.0,1.0,22712.0,0.98,0.0,64570.0,0.0,0.0,0.5045553055555556,0.0,463.25338440138984,1
6.42672,0.323655772,21000.0,0.9935268845599999,6.42672,0.0,0.0,0.0,0.3340990166666667,0.0,0.004739308829108874,0
0.0,2.0,26480.0,0.96,0.0,299244.0,0.0,0.0,0.6234138838746093,0.0,463.25338440138984,1
0.0,199.048088591,21000.0,2.98096177182,0.0,13178.0,0.0,0.0,0.9998833522507777,0.25,1863.7987072446087,1
0.0,1.116466545,46109.0,0.9776706691,0.0,14829724.0,0.0,0.0,0.9948821833333333,0.0,1864.9881783217827,0
0.0001,1.641538128,22600.0,0.9671692374399999,0.0001,121.0,0.0,0.0,0.5261194647161693,0.0625,1782.414231400418,1
32.0,1.0,56414.0,0.98,32.0,0.0,0.0,0.0,0.518605385445734,0.0,0.32713965696869074,0
0.0,0.22673954,44462.0,0.9954652092,0.0,6.0,0.0,0.0,0.41333228333333333,0.0,492.9975786439826,0
0.0002,48.977654076,21000.0,0.020446918479999993,0.0002,13.0,0.0,0.0,0.564954,0.0,1736.7333869413783,1
32.0,1.133247836,53490.0,0.97733504328,32.0,31525.0,0.0,0.0,0.9841016666666667,0.0,1150.9223480155788,0
0.0,0.601514915,76872.0,0.9879697017,0.0,38.0,0.0,0.0,0.7112732833333333,0.0,1505.3760737636105,0
0.0001010011,17.528802494,22408.0,0.6494239501199999,0.0001010011,27.0,0.0,0.0,0.6406354,0.2222222222222222,3050.424606948208,1
0.0,22.778201352,28280.0,0.54443597296,0.0,202.0,0.0,0.0,0.6284131333333334,0.0,3067.720349474028,1
0.0,0.043860034,23733.0,0.99912279932,0.0,73.0,0.0,0.0,0.6317492333333333,0.0,249.0124034884517,0
0.0,0.22691943,22520.0,0.9954616114,0.0,912.0,0.0,0.0,0.6726153,0.0,28.0733089123142,0
0.0,4.0,301847.0,0.92,0.0,20.0,0.0,0.0,0.33393754637065337,0.14285714285714285,2365.8111198177107,1
6.9e-05,41.506555133,21000.0,0.16986889734000002,6.9e-05,54.0,0.0,0.0,0.3400435525290446,0.0,1900.0664636787606,1
0.0,1.118527119,46097.0,0.97762945762,0.0,16758117.0,0.0,0.0,0.3336167,0.0,1864.9879198387735,0
32.0,1.0,62343.0,0.98,32.0,0.0,0.0,0.0,0.9756185833333333,0.0,0.30787333988481097,0
0.0,1.101915086,35309.0,0.97796169828,0.0,14829702.0,0.0,0.0,0.7641038395361016,0.0,1864.9881783217827,0
0.0,1.121385085,51626.0,0.9775722983,0.0,16758122.0,0.0,0.0,0.41069325,0.0,1864.9879198387735,0
10.0,0.135688721,910987.0,0.99728622558,10.0,4.0,0.0,0.0,0.8255849,0.3333333333333333,60.324708330369106,1
0.0,0.661395155,43701.0,0.9867720969,0.0,1150.0,0.0,0.0,0.5948078666666666,0.0,1959.0921504676148,0
0.0,1.0,22712.0,0.98,0.0,51412.0,0.0,0.0,0.39172433333333334,0.0,463.25338440138984,1
32.0,1.0,50462.0,0.98,32.0,0.0,0.0,0.0,0.8392093333333334,0.0,0.34679347085732,0
0.0,1.118527119,113603.0,0.97762945762,0.0,16758119.0,0.0,0.0,0.3336167,0.0,1864.9879198387735,0
0.0,9.0,311998.0,0.82,0.0,591.0,0.0,0.0,0.998704476694779,0.5,2492.447584762046,1
0.0,0.616566473,24730.0,0.9876686705400001,0.0,4.0,0.0,0.0,0.6419830432172244,0.0,31.578503485451694,0
0.0,0.442664897,22730.0,0.99114670206,0.0,855.0,0.0,0.0,0.5717837666666666,0.0,28.0733089123142,0
0.0,68.100000011,21000.0,0.3620000002200001,0.0,13092.0,0.0,0.0,0.9991478666666667,0.25,1863.7987072446087,1
1e-18,0.049158617,21000.0,0.9990168276599999,1e-18,409.0,0.0,0.0,0.30022771666666664,0.0,78.54170533248947,0
0.0,0.421148845,22760.0,0.9915770231000001,0.0,853.0,0.0,0.0,0.5692121833333333,0.0,28.0733089123142,0
1e-05,9.664230923,21000.0,0.80671538154,1e-05,8.0,0.0,0.0,0.9998815528907463,0.1111111111111111,2224.744688381354,1
0.0,0.627465654,47073.0,0.98745068692,0.0,40.0,0.0,0.0,0.48604974016117297,0.0,1505.3760737636105,0
0.0,29.054282617,22648.0,0.41891434766,0.0,73.0,0.0,0.0,0.5344821333333334,0.2857142857142857,1172.1092236114569,1
0.0,2.152381081,322287.0,0.95695237838,0.0,14.0,0.0,0.0,0.5446574166666667,0.15384615384615385,31.9623097689367,1
0.0,2.0,26480.0,0.96,0.0,292793.0,0.0,0.0,0.3531906388888889,0.0,463.25338440138984,1
0.0,87.000000044,21000.0,0.7400000008800001,0.0,13035.0,0.0,0.0,0.9987550510154816,0.25,1863.7987072446087,1
10.0,0.63355406,935068.0,0.9873289188,10.0,2.0,0.0,0.0,0.3388301526548334,1.0,2.4169502186471665,1
0.0,1.124658783,44296.0,0.97750682434,0.0,14301114.0,0.0,0.0,0.23713081666666666,0.0,1832.8374993521059,0
0.0,1.0,22712.0,0.98,0.0,135572.0,0.0,0.0,0.6216828318972653,0.0,463.25338440138984,1
0.0,1.119899456,46097.0,0.97760201088,0.0,14301083.0,0.0,0.0,0.8404718,0.0,1832.8374993521059,0
0.0,1.0,22712.0,0.98,0.0,127668.0,0.0,0.0,0.6038440555555555,0.0,463.25338440138984,1
6.9e-12,28.725122386,27432.0,0.42549755228,6.9e-12,41.0,0.0,0.0,0.39664713333333335,0.0,1329.3779538741542,1
0.0,2.114901331,24636.0,0.9577019733800001,0.0,77.0,0.0,0.0,0.22141826666666667,0.0,249.0124034884517,0
0.1,0.127848439,929860.0,0.99744303122,0.1,8.0,0.0,0.0,0.427853,0.07692307692307693,163.61907837618006,1
0.0,1.116466545,46109.0,0.9776706691,0.0,16758128.0,0.0,0.0,0.9948821833333333,0.0,1864.9879198387735,0
0.0,1.126903312,63209.0,0.9774619337599999,0.0,14829697.0,0.0,0.0,0.3769662833333333,0.0,1864.9881783217827,0
0.0,1.13472008,51627.0,0.9773055984,0.0,14829708.0,0.0,0.0,0.30426331666666667,0.0,1864.9881783217827,0
0.0,1.134229987,44047.0,0.9773154002600001,0.0,16758127.0,0.0,0.0,0.21272853333333333,0.0,1864.9879198387735,0
0.0,50.0,22536.0,0.0,0.0,1113.0,0.0,0.0,0.7428328447157383,0.0,1623.5277412061228,1
0.0,1.127686386,39276.0,0.97744627228,0.0,14829691.0,0.0,0.0,0.14921981666666667,0.0,1864.9881783217827,0
0.0,1.119758569,53942.0,0.9776048286200001,0.0,14829705.0,0.0,0.0,0.9997224666666666,0.0,1864.9881783217827,0
0.0,1.124589876,54369.0,0.9775082024799999,0.0,14829723.0,0.0,0.0,0.5022123,0.0,1864.9881783217827,0
0.99,100.0,21000.0,1.0,0.99,70218.0,0.0,0.0,0.9995856444711891,0.0,3065.7842778737154,1
0.0,0.046025934,23913.0,0.99907948132,0.0,67.0,0.0,0.0,0.9904526651933973,0.0,249.0124034884517,0
0.0,1.130875849,96383.0,0.97738248302,0.0,16758132.0,0.0,0.0,0.2603448520928971,0.0,1864.9879198387735,0
1e-18,0.080121082,21000.0,0.9983975783600001,1e-18,382.0,0.0,0.0,0.8175564878289145,0.0,78.54170533248947,0
0.1,11.0,883472.0,0.78,0.1,52.0,0.0,0.0,0.9956895821527991,0.3333333333333333,2360.112835082986,1
0.0,61.689497534,21000.0,0.23378995067999994,0.0,13202.0,0.0,0.0,0.999556498968423,0.25,1863.7987072446087,1
2.6881291,1.126737328,21000.0,0.97746525344,2.6881291,14301080.0,0.0,0.0,0.3952361166666667,0.0,1832.8374993521059,0
0.0,0.608545535,428591.0,0.9878290893,0.0,1107.0,0.0,0.0,0.45024105,1.0,174.2123207351041,1
10.0,2.328526467,910987.0,0.95342947066,10.0,25.0,0.0,0.0,0.5189292333333333,0.2,81.01331917973305,1
0.0,0.097708179,171798.0,0.99804583642,0.0,29.0,0.0,0.0,0.8077802166666667,0.0,2199.406207440545,0
2.9450776438735278,0.32184763,21000.0,0.9935630474,2.9450776438735278,12.0,0.0,0.0,0.5593574833333333,0.0,78.62160453783693,0
0.1,6.0,871680.0,0.88,0.1,5.0,0.0,0.0,0.9987446515684191,0.0,2437.381104267444,1
0.0,0.147308857,24144.0,0.99705382286,0.0,74.0,0.0,0.0,0.7415956,0.0,249.0124034884517,0
1e-18,0.029906827,21000.0,0.99940186346,1e-18,346.0,0.0,0.0,0.8933120833333333,0.0,78.54170533248947,0
0.0,2.0,26480.0,0.96,0.0,284211.0,0.0,0.0,0.4884032222222222,0.0,463.25338440138984,1
0.0,1.131750025,96371.0,0.9773649995,0.0,16758111.0,0.0,0.0,0.19935808333333332,0.0,1864.9879198387735,0
0.0,37.092173999,44206.0,0.25815652001999995,0.0,67.0,0.0,0.0,0.4436589,0.0,1174.8615543455685,1
0.0,0.17858888,60119.0,0.9964282224000001,0.0,1265.0,0.0,0.0,0.22487085,0.0,1882.6265903650115,0
0.0,0.181484854,48685.0,0.9963703029200001,0.0,953.0,0.0,0.0,0.55709555,0.0,774.1409569636787,0
0.0,1.0,22712.0,0.98,0.0,54738.0,0.0,0.0,0.3081852276436221,0.0,463.25338440138984,1
0.1,8.8,871692.0,0.8240000000000001,0.1,71.0,0.0,0.0,0.9987102393879778,0.0,3154.668060941931,1
0.0,2.1962024,23913.0,0.9560759520000001,0.0,2463.0,0.0,0.0,0.4144464333333333,0.0,1447.58869874521,0
10.0,0.126753446,905779.0,0.99746493108,10.0,18.0,0.0,0.0,0.3995474666666667,0.25,60.292210290012534,1
0.0,0.162386845,60740.0,0.9967522631,0.0,994.0,0.0,0.0,0.68219175,0.0,1671.144042454039,0
0.1,3.0,871692.0,0.94,0.1,14.0,0.0,0.0,0.999506405166553,0.0,2405.953292394852,1
0.0,13.421510595,22264.0,0.7315697881,0.0,64.0,0.0,0.0,0.5256909666666667,0.2857142857142857,1172.1092236114569,1
0.0,1.123034582,96383.0,0.9775393083599999,0.0,16758133.0,0.0,0.0,0.2523347563846852,0.0,1864.9879198387735,0
0.0,112.555587188,21000.0,1.2511117437600001,0.0,13100.0,0.0,0.0,0.999808,0.25,1863.7987072446087,1
10.0,0.124190774,905779.0,0.99751618452,10.0,13.0,0.0,0.0,0.6317709666666667,0.25,60.292210290012534,1
32.0,1.0,53438.0,0.98,32.0,0.0,0.0,0.0,0.9719028,0.0,0.34512362216357834,0
0.0,129.000000097,21000.0,1.58000000194,0.0,13147.0,0.0,0.0,0.99987279088213,0.25,1863.7987072446087,1
32.0,1.0,59391.0,0.98,32.0,0.0,0.0,0.0,0.9719028,0.0,0.34492765059073766,0
0.0,1.0,22712.0,0.98,0.0,75675.0,0.0,0.0,0.9994587193645503,0.0,463.25338440138984,1
0.0,111.000000051,21000.0,1.22000000102,0.0,13153.0,0.0,0.0,0.9993613096735192,0.25,1863.7987072446087,1
32.0,1.0,50450.0,0.98,32.0,0.0,0.0,0.0,0.5704221585677173,0.0,0.3487488992346658,0
0.0,370.994831686,21000.0,6.41989663372,0.0,13064.0,0.0,0.0,0.9999309992897731,0.25,1863.7987072446087,1
0.0,1.119758569,63209.0,0.9776048286200001,0.0,14829704.0,0.0,0.0,0.9997224666666666,0.0,1864.9881783217827,0
1.14940439,0.143478308,58303.0,0.99713043384,1.14940439,848.0,0.0,0.0,0.9926033602680805,0.0,395.64050561659866,0
0.0,30.66052412,39608.0,0.38678951759999997,0.0,12.0,0.0,0.0,0.9997041663905553,0.09090909090909091,1537.5669493709725,1
0.0,17.90546999,28520.0,0.6418906002,0.0,63.0,0.0,0.0,0.45053576666666667,0.0,1174.8615543455685,1
0.06324833,1.118905918,21000.0,0.97762188164,0.06324833,14829688.0,0.0,0.0,0.7953753222732228,0.0,1864.9881783217827,0
0.0,2.07816782,24259.0,0.9584366436,0.0,70.0,0.0,0.0,0.4693738,0.0,249.0124034884517,0
0.0,1.120379662,39264.0,0.97759240676,0.0,14301126.0,0.0,0.0,0.96567665,0.0,1832.8374993521059,0
0.0079,3.08927273,21000.0,0.9382145454,0.0079,74.0,0.0,0.0,0.8268335333333333,0.0,1174.8615543455685,1
1e-06,39.0,22008.0,0.22,1e-06,9.0,0.0,0.0,0.9993360562382431,0.2,1846.5003639532047,1
0.0,0.26995441,22080.0,0.9946009118000001,0.0,916.0,0.0,0.0,0.37311046666666664,0.0,28.0733089123142,0
0.0,1.112313179,95743.0,0.9777537364200001,0.0,18.0,0.0,0.0,0.24323213107052452,0.0,1491.5120993554647,0
32.0,1.0,50462.0,0.98,32.0,0.0,0.0,0.0,0.53132335,0.0,0.347274926321374,0
450.171368,100.0,21000.0,1.0,450.171368,78754.0,0.0,0.0,0.6650571017671931,0.0,3065.7842778737154,1
32.0,1.144249243,50526.0,0.9771150151400001,32.0,31524.0,0.0,0.0,0.6100312,0.0,1150.9223480155788,0
0.0,1.128625458,46097.0,0.9774274908399999,0.0,14829716.0,0.0,0.0,0.5008630833333333,0.0,1864.9881783217827,0
12595.3,48.787731945,21000.0,0.024245361100000053,12595.3,36.0,0.0,0.0,0.9997615,0.0625,1529.6988304990282,1
1e-18,0.030797878,21000.0,0.99938404244,1e-18,135.0,0.0,0.0,0.8529425,0.0,78.54170533248947,0
0.0,1.122999966,53942.0,0.9775400006799999,0.0,14301087.0,0.0,0.0,0.4676698833333333,0.0,1832.8374993521059,0
0.1,2.0,883496.0,0.96,0.1,8.0,0.0,0.0,0.9995069734133634,0.14285714285714285,2555.669737049769,1
0.0,129.000000043,21000.0,1.58000000086,0.0,13150.0,0.0,0.0,0.999606732101094,0.25,1863.7987072446087,1
0.0,82.940000056,21000.0,0.65880000112,0.0,13184.0,0.0,0.0,0.9998791122237066,0.25,1863.7987072446087,1
0.0,0.469686306,22730.0,0.99060627388,0.0,861.0,0.0,0.0,0.48369105950650654,0.0,28.0733089123142,0
0.001,25.766566351,21000.0,0.48466867298,0.001,28.0,0.0,0.0,0.4351223,0.0,1312.873651164977,1
0.0,1.118674959,51626.0,0.9776265008199999,0.0,14301110.0,0.0,0.0,0.9688659,0.0,1832.8374993521059,0
1.1111111111111e-05,3.735999889,21000.0,0.9252800022200001,1.1111111111111e-05,76.0,0.0,0.0,0.43339056666666664,0.25,759.8816830066895,1
0.0005,2.951370164,21000.0,0.9409725967200001,0.0005,71.0,0.0,0.0,0.4404038,0.1111111111111111,1157.7660781774864,1
0.0,0.185558149,132546.0,0.9962888370199999,0.0,8.0,0.0,0.0,0.48395363333333336,0.0,5.042429206376826,0
0.0,40.65959428,21288.0,0.1868081144,0.0,61.0,0.0,0.0,0.347817,0.0,1174.8615543455685,1
0.0,1.120115465,79283.0,0.9775976907,0.0,16758136.0,0.0,0.0,0.8167684333333334,0.0,1864.9879198387735,0
32.0,1.0,53426.0,0.98,32.0,0.0,0.0,0.0,0.5704221585677173,0.0,0.3486061337728191,0
0.0,1.0,22712.0,0.98,0.0,100211.0,0.0,0.0,0.5425469017058493,0.0,463.25338440138984,1
0.0,64.100000101,21000.0,0.28200000202000014,0.0,13118.0,0.0,0.0,0.9991973813396109,0.25,1863.7987072446087,1
0.0,0.141683748,44944.0,0.99716632504,0.0,65.0,0.0,0.0,0.5118738833333333,0.0,893.3706610430777,0
0.0,8.0,310243.0,0.84,0.0,590.0,0.0,0.0,0.9993837968957678,0.5,2492.447584762046,1
0.0,0.639214944,51524.0,0.9872157011199999,0.0,34.0,0.0,0.0,0.6593587524670759,0.0,1505.3760737636105,0
0.0,23.099445838,21528.0,0.53801108324,0.0,495.0,0.0,0.0,0.4060824333333333,0.14285714285714285,3124.2458046951506,1
0.00286541,1.101915086,21043.0,0.97796169828,0.00286541,14829701.0,0.0,0.0,0.7641038395361016,0.0,1864.9881783217827,0
0.08302167,1.118527119,21000.0,0.97762945762,0.08302167,14829720.0,0.0,0.0,0.3336167,0.0,1864.9881783217827,0
0.0,1.128486987,63197.0,0.9774302602599999,0.0,14301100.0,0.0,0.0,0.6015834715042979,0.0,1832.8374993521059,0
1e-05,29.654397437,22648.0,0.40691205126,1e-05,74.0,0.0,0.0,0.3890945333333333,0.2857142857142857,1172.1092236114569,1
32.0,1.0,50438.0,0.98,32.0,0.0,0.0,0.0,0.5704221585677173,0.0,0.34847834283554996,0
0.0,29.054282617,22648.0,0.41891434766,0.0,72.0,0.0,0.0,0.5344821333333334,0.2857142857142857,1172.1092236114569,1
32.0,1.0,53438.0,0.98,32.0,0.0,0.0,0.0,0.5976293,0.0,0.31913377478994703,0
0.0261808,1.120115465,21000.0,0.9775976907,0.0261808,14829726.0,0.0,0.0,0.8167684333333334,0.0,1864.9881783217827,0
0.0,1.12735146,63209.0,0.9774529708,0.0,14301125.0,0.0,0.0,0.2810218,0.0,1832.8374993521059,0
1.010011e-07,15.0742242,22408.0,0.698515516,1.010011e-07,24.0,0.0,0.0,0.39726473333333334,0.2222222222222222,3050.424606948208,1
0.0,1.104383185,34424.0,0.9779123363,0.0,14301092.0,0.0,0.0,0.9996643833333333,0.0,1832.8374993521059,0
32.0,1.0,50450.0,0.98,32.0,0.0,0.0,0.0,0.2385526266249953,0.0,0.3165890006941778,0
200.0,0.138834209,49122.0,0.9972233158199999,200.0,11.0,0.0,0.0,0.6301691833333334,0.0,1361.268303822141,0
32.0,1.0,50450.0,0.98,32.0,0.0,0.0,0.0,0.5704221585677173,0.0,0.3486303539243009,0
0.0,1.122005816,63221.0,0.97755988368,0.0,14829699.0,0.0,0.0,0.22805543333333333,0.0,1864.9881783217827,0
0.0,1.0,22712.0,0.98,0.0,146888.0,0.0,0.0,0.855255,0.0,463.25338440138984,1
53.82896433,0.14577533,49374.0,0.9970844934,53.82896433,1244.0,0.0,0.0,0.8505419,0.0,474.10420939738276,0
1e-18,0.039624292,21000.0,0.99920751416,1e-18,434.0,0.0,0.0,0.40693709298403435,0.0,78.54170533248947,0
0.0,17.301002159,22664.0,0.65397995682,0.0,64.0,0.0,0.0,0.3549603,0.0,1174.8615543455685,1
0.24739228,1.125659848,21000.0,0.97748680304,0.24739228,16758107.0,0.0,0.0,0.5899933982198082,0.0,1864.9879198387735,0
1.001e-06,26.89,21000.0,0.4622,1.001e-06,0.0,0.0,0.0,0.3148592333333333,0.5,787.1261620954866,1
100.0,0.226728532,924652.0,0.9954654293599999,100.0,35.0,0.0,0.0,0.4915029833333333,0.3333333333333333,180.8413764703936,1
0.0005,2.266080417,21000.0,0.95467839166,0.0005,16.0,0.0,0.0,0.8366217056496237,0.0,18.330747586910924,0
0.0,1.0,22712.0,0.98,0.0,95398.0,0.0,0.0,0.2536285,0.0,463.25338440138984,1
0.0,1.0,22712.0,0.98,0.0,59535.0,0.0,0.0,0.320546,0.0,463.25338440138984,1
1.0,0.632636588,935068.0,0.9873472682400001,1.0,8.0,0.0,0.0,0.7486989,1.0,2.4169502186471665,1
0.0079104,1.129469516,21058.0,0.97741060968,0.0079104,14301099.0,0.0,0.0,0.47392256666666666,0.0,1832.8374993521059,0
0.0,1.128781703,428794.0,0.9774243659399999,0.0,6783.0,0.0,0.0,0.58593595,1.0,1150.7246403815625,1
0.00033649300262801,0.02501423,21000.0,0.9994997154,0.00033649300262801,3.0,0.0,0.0,0.9743574333333334,0.0,163.51371728097124,1
0.0,211.389472699,21000.0,3.2277894539800003,0.0,13080.0,0.0,0.0,0.9996693539396412,0.25,1863.7987072446087,1
0.0,1.170228499,95743.0,0.97659543002,0.0,5.0,0.0,0.0,0.3662732833333333,0.0,1.487226842779804,0
15.336150671,0.154673701,53502.0,0.99690652598,15.336150671,703.0,0.0,0.0,0.26587265,0.0,207.25609516848291,0
0.0,0.649679353,44462.0,0.9870064129399999,0.0,51.0,0.0,0.0,0.7850833666666667,0.0,2010.0838078238678,0
0.0,74.910000085,21000.0,0.49820000169999984,0.0,13205.0,0.0,0.0,0.99950702399101,0.25,1863.7987072446087,1
0.0,0.350707041,22080.0,0.99298585918,0.0,888.0,0.0,0.0,0.6544931333333334,0.0,28.0733089123142,0
0.0,140.427759823,21000.0,1.80855519646,0.0,13048.0,0.0,0.0,0.9996326829972105,0.25,1863.7987072446087,1
32.0,1.0,50450.0,0.98,32.0,0.0,0.0,0.0,0.5704221585677173,0.0,0.3488096583110315,0
9.108847142641e-06,0.189722547,21000.0,0.9962055490599999,9.108847142641e-06,0.0,0.0,0.0,0.8368031166666666,1.0,20.92104250292811,1
32.0,1.0,65344.0,0.98,32.0,0.0,0.0,0.0,0.53132335,0.0,0.3473015541417731,0
0.0,80.243985744,21000.0,0.60487971488,0.0,13166.0,0.0,0.0,0.9999845332529063,0.25,1863.7987072446087,1
0.0,43.482458362,30344.0,0.13035083275999995,0.0,69.0,0.0,0.0,0.4433961,0.0,1174.8615543455685,1
0.0,0.669509452,47073.0,0.98660981096,0.0,32.0,0.0,0.0,0.5343539833333333,0.0,1505.3760737636105,0
0.0,0.214215033,406812.0,0.9957156993399999,0.0,3540.0,0.0,0.0,0.9131176,1.0,363.69342323739494,1
0.0,0.161890553,433542.0,0.99676218894,0.0,4496.0,0.0,0.0,0.586394567174665,1.0,360.15114785151627,1
10.0,0.107997967,905779.0,0.99784004066,10.0,5.0,0.0,0.0,0.9136440205074929,0.3333333333333333,60.324708330369106,1
0.1,4.752707581,883496.0,0.9049458483799999,0.1,125.0,0.0,0.0,0.9992606377275183,0.0,2847.8366204826975,1
0.001224,21.439649152,21000.0,0.57120701696,0.001224,0.0,0.0,0.0,0.6493129666666667,1.0,1206.8232689913307,1
0.0,1.118527119,34526.0,0.97762945762,0.0,16758116.0,0.0,0.0,0.3336167,0.0,1864.9879198387735,0
1e-18,0.0332445,21000.0,0.99933511,1e-18,320.0,0.0,0.0,0.2818388083242889,0.0,78.54170533248947,0
0.0,0.473578287,22670.0,0.9905284342599999,0.0,859.0,0.0,0.0,0.46613288333333336,0.0,28.0733089123142,0
0.0,0.182500938,60131.0,0.9963499812400001,0.0,1268.0,0.0,0.0,0.19890824616215275,0.0,1882.6265903650115,0
0.1,8.0,892594.0,0.84,0.1,12.0,0.0,0.0,0.9984454821687896,0.0,2778.789247506206,1
3.0439253125636427,33.448436855,21000.0,0.33103126290000007,3.0439253125636427,23.0,0.0,0.0,0.5972478666666666,0.06666666666666667,916.3955245095602,1
0.0,0.19871531,406764.0,0.9960256938000001,0.0,3536.0,0.0,0.0,0.4102327,1.0,363.69342323739494,1
0.0,1.113596886,51423.0,0.97772806228,0.0,14301106.0,0.0,0.0,0.7742399,0.0,1832.8374993521059,0
0.0,0.199096387,49968.0,0.99601807226,0.0,1270.0,0.0,0.0,0.2766987983358781,0.0,1882.6265903650115,0
0.0,0.207809347,21487.0,0.99584381306,0.0,908.0,0.0,0.0,0.7063517833333334,0.0,28.0733089123142,0
0.1,2.1,883496.0,0.958,0.1,9.0,0.0,0.0,0.9993105409425976,0.14285714285714285,2555.669737049769,1
10.0,0.626451048,929860.0,0.98747097904,10.0,1.0,0.0,0.0,0.7246881488002417,1.0,2.4169502186471665,1
0.0,1.118527119,63197.0,0.97762945762,0.0,14829721.0,0.0,0.0,0.3336167,0.0,1864.9881783217827,0
0.0,1.135976845,34436.0,0.9772804630999999,0.0,14829695.0,0.0,0.0,0.44739840005696013,0.0,1864.9881783217827,0
0.0,0.060610695,23913.0,0.9987877861,0.0,339.0,0.0,0.0,0.5598706333333333,0.0,182.82163146741965,0
0.0,122.334846135,21000.0,1.4466969227000002,0.0,13175.0,0.0,0.0,0.9999478,0.25,1863.7987072446087,1
32.0,1.0,59379.0,0.98,32.0,0.0,0.0,0.0,0.5704221585677173,0.0,0.348798517231588,0
1e-18,13.79808416,21592.0,0.7240383168,1e-18,120.0,0.0,0.0,0.3380592666666667,0.0,2046.4062490579624,1
0.0,8.0,310219.0,0.84,0.0,592.0,0.0,0.0,0.9988966777853477,0.5,2492.447584762046,1
146.83198469,100.0,21000.0,1.0,146.83198469,13868.0,0.0,0.0,0.9968278571139568,0.0,3065.7842778737154,1
10.0,0.139628607,916195.0,0.99720742786,10.0,12.0,0.0,0.0,0.5957539,0.3333333333333333,60.324708330369106,1
0.0,2.118757719,46280.0,0.9576248456199999,0.0,33.0,0.0,0.0,0.9999214,0.0,1393.8969084827327,0
0.0,0.197589406,403663.0,0.99604821188,0.0,5908.0,0.0,0.0,0.6415608333333334,1.0,575.8249008056246,1
10.0,0.109847973,905779.0,0.99780304054,10.0,3.0,0.0,0.0,0.8560400166666666,0.25,60.292210290012534,1
0.0,9.0,310243.0,0.82,0.0,597.0,0.0,0.0,0.9326437069144133,0.5,2492.447584762046,1
0.0,1.143119589,46109.0,0.97713760822,0.0,14829693.0,0.0,0.0,0.36201783438145996,0.0,1864.9881783217827,0
32.0,1.0,53438.0,0.98,32.0,0.0,0.0,0.0,0.5704221585677173,0.0,0.34921995665464134,0
0.0,1.129887676,46109.0,0.97740224648,0.0,14829709.0,0.0,0.0,0.8419997165663974,0.0,1864.9881783217827,0
0.22818151115593793,0.121020811,27938.0,0.99757958378,0.22818151115593793,905.0,0.0,0.0,0.9999214,0.0,144.58820686939967,0
0.0,2.802611931,24144.0,0.94394776138,0.0,7179.0,0.0,0.0,0.5678240157455093,0.0,1759.1510739414946,0
0.0,37.750840122,39832.0,0.24498319756,0.0,15.0,0.0,0.0,0.9994745333333334,0.1,1267.7982960949894,1
0.0,1.13116262,51425.0,0.9773767476,0.0,14301098.0,0.0,0.0,0.3058412,0.0,1832.8374993521059,0
6e-06,0.217603527,21062.0,0.99564792946,6e-06,43.0,0.0,0.0,0.393898790870518,0.0,22.55149035891173,0
0.0,76.100000039,21000.0,0.5220000007799999,0.0,13214.0,0.0,0.0,0.9986783965675565,0.25,1863.7987072446087,1
0.0,57.1000001,21000.0,0.14200000200000004,0.0,13196.0,0.0,0.0,0.9999938605599703,0.25,1863.7987072446087,1
0.0,1.076329497,95659.0,0.9784734100599999,0.0,254.0,0.0,0.0,0.7478981,0.0,1635.5973117071417,0
0.0,0.236707555,22670.0,0.9952658488999999,0.0,913.0,0.0,0.0,0.6831662833333333,0.0,28.0733089123142,0
0.0,0.186972172,60119.0,0.99626055656,0.0,1266.0,0.0,0.0,0.31286565,0.0,1882.6265903650115,0
32.0,1.0,50450.0,0.98,32.0,0.0,0.0,0.0,0.5704221585677173,0.0,0.3490175010319109,0
0.1,11.0,877594.0,0.78,0.1,54.0,0.0,0.0,0.7999479463066153,0.3333333333333333,2360.112835082986,1
0.0,1.131750025,34436.0,0.9773649995,0.0,14301101.0,0.0,0.0,0.19935808333333332,0.0,1832.8374993521059,0
0.0,0.057552693,24144.0,0.9988489461400001,0.0,338.0,0.0,0.0,0.8330812666666667,0.0,182.82163146741965,0
0.0,27.0,22264.0,0.46,0.0,103.0,0.0,0.0,0.9997522419357497,0.0,3052.1700703180554,1
0.01578576,1.12184763,42973.0,0.9775630474,0.01578576,14301102.0,0.0,0.0,0.5593574833333333,0.0,1832.8374993521059,0
0.0,1.126903312,63185.0,0.9774619337599999,0.0,14301085.0,0.0,0.0,0.3769662833333333,0.0,1832.8374993521059,0
0.1,0.603655373,935068.0,0.98792689254,0.1,19.0,0.0,0.0,0.8804845864603571,1.0,2.4169502186471665,1
0.0,1.1,301835.0,0.978,0.0,205.0,0.0,0.0,0.9997656631707253,0.0,2494.394445568969,1
0.0,0.264574293,44462.0,0.9947085141399999,0.0,5.0,0.0,0.0,0.4359585,0.0,2.413198898517423,0
0.0,156.546438198,21000.0,2.13092876396,0.0,13172.0,0.0,0.0,0.9993264052864707,0.25,1863.7987072446087,1
0.0,0.189026175,21487.0,0.9962194765,0.0,902.0,0.0,0.0,0.40187117237314185,0.0,28.0733089123142,0
0.0,0.210056083,406788.0,0.99579887834,0.0,3537.0,0.0,0.0,0.423407,1.0,363.69342323739494,1
0.1,8.6,877594.0,0.828,0.1,26.0,0.0,0.0,0.8900030519208026,0.125,2787.9563534148947,1
0.0,0.6131588,403627.0,0.987736824,0.0,1106.0,0.0,0.0,0.7101128666666666,1.0,174.2123207351041,1
0.0,0.604985236,47073.0,0.98790029528,0.0,39.0,0.0,0.0,0.5241250166666667,0.0,1505.3760737636105,0
0.0,1.12184763,24431.0,0.9775630474,0.0,14829719.0,0.0,0.0,0.5593574833333333,0.0,1864.9881783217827,0
0.0,0.443340672,22700.0,0.99113318656,0.0,854.0,0.0,0.0,0.4938993,0.0,28.0733089123142,0
2.0,19.111261841,31848.0,0.61777476318,2.0,0.0,0.0,0.0,0.9994073333333333,0.3333333333333333,830.9719347598376,1
1.74921564e-06,23.5,21000.0,0.53,1.74921564e-06,0.0,0.0,0.0,0.1641898,0.5,787.1355051307518,1
0.069,23.952377545,22008.0,0.5209524490999999,0.069,66.0,0.0,0.0,0.28918353333333335,0.0,1174.8615543455685,1
10.0,0.608594182,924652.0,0.98782811636,10.0,5.0,0.0,0.0,0.6709072799891521,1.0,2.4169502186471665,1
0.0,0.179248909,21720.0,0.99641502182,0.0,904.0,0.0,0.0,0.9491373666666667,0.0,28.0733089123142,0
0.0,1.131750025,34424.0,0.9773649995,0.0,16758110.0,0.0,0.0,0.19935808333333332,0.0,1864.9879198387735,0
32.0,1.0,50450.0,0.98,32.0,0.0,0.0,0.0,0.44584565,0.0,0.34630938702435404,0
0.0,0.209096336,21720.0,0.9958180732799999,0.0,905.0,0.0,0.0,0.37066356666666667,0.0,28.0733089123142,0
1.0,0.606748683,929860.0,0.9878650263400001,1.0,7.0,0.0,0.0,0.7354820166666667,1.0,2.4169502186471665,1
0.0,88.800000002,21000.0,0.7760000000400001,0.0,13135.0,0.0,0.0,0.9992351681571313,0.25,1863.7987072446087,1
8.8988e-06,0.596907377,21062.0,0.98806185246,8.8988e-06,47.0,0.0,0.0,0.5635101333333333,0.0,22.55149035891173,0
0.0,0.463966336,22550.0,0.99072067328,0.0,856.0,0.0,0.0,0.4847043833333333,0.0,28.0733089123142,0
55.26566481,1.132521356,21000.0,0.97734957288,55.26566481,14829684.0,0.0,0.0,0.7107646333333333,0.0,1864.9881783217827,0
10.0,0.122081001,905779.0,0.9975583799800001,10.0,17.0,0.0,0.0,0.6530933,0.25,60.292210290012534,1
32.0,1.0,50450.0,0.98,32.0,0.0,0.0,0.0,0.5704221585677173,0.0,0.34919924505882793,0
4.048205533425936,0.324658783,21000.0,0.99350682434,4.048205533425936,24492.0,0.0,0.0,0.23713081666666666,0.0,1488.405193198831,0
10.0,0.116598922,905767.0,0.99766802156,10.0,8.0,0.0,0.0,0.8187893833333333,0.3333333333333333,60.324708330369106,1
10.0,0.121717009,910987.0,0.99756565982,10.0,0.0,0.0,0.0,0.43338028333333334,0.3333333333333333,60.324708330369106,1
1e-18,0.070881515,21000.0,0.9985823696999999,1e-18,454.0,0.0,0.0,0.3821945333333333,0.0,78.54170533248947,0
0.0,1.128625458,34424.0,0.9774274908399999,0.0,16758105.0,0.0,0.0,0.5008630833333333,0.0,1864.9879198387735,0
1.0,0.613234066,935068.0,0.9877353186800001,1.0,6.0,0.0,0.0,0.5055679609760875,1.0,2.4169502186471665,1
0.0,50.0,22536.0,0.0,0.0,1108.0,0.0,0.0,0.40908349663220533,0.0,1623.5277412061228,1
0.0,36.625905891,23000.0,0.26748188217999996,0.0,76.0,0.0,0.0,0.6097354,0.2857142857142857,1172.1092236114569,1
0.0,57.000000047,21000.0,0.14000000094,0.0,13156.0,0.0,0.0,0.9993427552428933,0.25,1863.7987072446087,1
10.0,0.116407178,905779.0,0.9976718564399999,10.0,11.0,0.0,0.0,0.6868155666666667,0.25,60.292210290012534,1
10.0,0.123279208,900571.0,0.99753441584,10.0,15.0,0.0,0.0,0.65080165,0.25,60.292210290012534,1
21.053487481999998,0.157326177,52338.0,0.99685347646,21.053487481999998,6333.0,0.0,0.0,0.6248901666666666,0.0,1172.8357004315737,0
0.0,1.134229987,44123.0,0.9773154002600001,0.0,16758126.0,0.0,0.0,0.21272853333333333,0.0,1864.9879198387735,0
0.0,0.21217892,22080.0,0.9957564216,0.0,910.0,0.0,0.0,0.6194633666666667,0.0,28.0733089123142,0
0.0,1.0,22712.0,0.98,0.0,48267.0,0.0,0.0,0.9836769841304013,0.0,463.25338440138984,1
0.1,0.619105974,929848.0,0.98761788052,0.1,15.0,0.0,0.0,0.6341231833333333,1.0,2.4169502186471665,1
32.0,1.0,50450.0,0.98,32.0,0.0,0.0,0.0,0.5704221585677173,0.0,0.3488277469465026,0
10.0,0.123124326,921403.0,0.99753751348,10.0,10.0,0.0,0.0,0.9531889166666667,0.3333333333333333,60.324708330369106,1
0.0,1.13116262,46121.0,0.9773767476,0.0,16758098.0,0.0,0.0,0.3058412,0.0,1864.9879198387735,0
0.0,1.12735146,46109.0,0.9774529708,0.0,14829729.0,0.0,0.0,0.2810218,0.0,1864.9881783217827,0
0.0,1.101915086,63209.0,0.97796169828,0.0,14301089.0,0.0,0.0,0.7641038395361016,0.0,1832.8374993521059,0
0.1,10.0,889398.0,0.8,0.1,1.0,0.0,0.0,0.9990931307315449,0.1,2674.347146553924,1
0.0,1.082050087,59999.0,0.9783589982600001,0.0,255.0,0.0,0.0,0.4382884166666667,0.0,1635.5973117071417,0
0.36317791,1.130105051,21000.0,0.97739789898,0.36317791,14301084.0,0.0,0.0,0.9001240177741571,0.0,1832.8374993521059,0
32.0,1.0,53426.0,0.98,32.0,0.0,0.0,0.0,0.53132335,0.0,0.3475253434975942,0
0.0,1.128625458,44123.0,0.9774274908399999,0.0,16758103.0,0.0,0.0,0.5008630833333333,0.0,1864.9879198387735,0
0.0,1.0,22712.0,0.98,0.0,111426.0,0.0,0.0,0.9361630177898057,0.0,463.25338440138984,1
0.1,5.0,877594.0,0.9,0.1,0.0,0.0,0.0,0.997477995086259,0.3333333333333333,2357.675050327604,1
0.0,1.116466545,63197.0,0.9776706691,0.0,16758130.0,0.0,0.0,0.9948821833333333,0.0,1864.9879198387735,0
0.0,48.040034644,22648.0,0.03919930711999996,0.0,68.0,0.0,0.0,0.5344821333333334,0.2857142857142857,1172.1092236114569,1
0.0,1.101915086,63209.0,0.97796169828,0.0,14829703.0,0.0,0.0,0.7641038395361016,0.0,1864.9881783217827,0
0.0,1.124796026,61223.0,0.9775040794800001,0.0,16758100.0,0.0,0.0,0.6497961166666667,0.0,1864.9879198387735,0
0.002483170337385965,39.974910822,513277.0,0.20050178356000004,0.002483170337385965,68.0,0.0,0.0,0.3944281,0.0,1174.8615543455685,1
0.0,1.12184763,61223.0,0.9775630474,0.0,16758115.0,0.0,0.0,0.5593574833333333,0.0,1864.9879198387735,0
10.0,0.447362975,910987.0,0.9910527405,10.0,8.0,0.0,0.0,0.7098629,0.0,60.504648833934354,1
50.0,1.04,50514.0,0.9792000000000001,50.0,38753.0,0.0,0.0,0.9973888333333333,0.0,1992.799241106262,0
0.0,0.354107468,21487.0,0.9929178506399999,0.0,885.0,0.0,0.0,0.44576775,0.0,28.0733089123142,0
0.0,29.436100798,22648.0,0.41127798404000004,0.0,67.0,0.0,0.0,0.36890493333333335,0.2857142857142857,1172.1092236114569,1
0.0,0.508327014,103940.0,0.9898334597199999,0.0,10144.0,0.0,0.0,0.3504475833333333,0.0,1276.5936111821427,0
0.0,28.042817767,39832.0,0.43914364466,0.0,13.0,0.0,0.0,0.9994745333333334,0.1,1267.7982960949894,1
10.0,0.127926884,910987.0,0.9974414623200001,10.0,16.0,0.0,0.0,0.4807532666666667,0.25,60.292210290012534,1
0.0,1.0,25672.0,0.98,0.0,22.0,0.0,0.0,0.9996399,0.1,1267.7982960949894,1
0.0,1.0,22712.0,0.98,0.0,83832.0,0.0,0.0,0.3962185277777778,0.0,463.25338440138984,1
0.0,1.129627661,51615.0,0.97740744678,0.0,14829728.0,0.0,0.0,0.5674149666666667,0.0,1864.9881783217827,0
0.0,1.0,22712.0,0.98,0.0,148604.0,0.0,0.0,0.44043545385728117,0.0,463.25338440138984,1
0.0,1.117422324,46109.0,0.9776515535199999,0.0,14301095.0,0.0,0.0,0.5795843833333333,0.0,1832.8374993521059,0
32.0,1.136478315,50526.0,0.9772704337,32.0,31521.0,0.0,0.0,0.5434395833333333,0.0,1150.9223480155788,0
0.0,0.206958386,317660.0,0.9958608322800001,0.0,1.0,0.0,0.0,0.4256559,0.5,3.8411210678021113,1
0.006,0.137997707,45038.0,0.99724004586,0.006,347.0,0.0,0.0,0.3145077666666667,0.0,1353.793426290927,0
0.0,0.168531418,137732.0,0.99662937164,0.0,1275.0,0.0,0.0,0.21907558333333332,0.0,3916.7527542668745,0
0.0,0.63069997,428627.0,0.9873860005999999,0.0,1105.0,0.0,0.0,0.13557335,1.0,174.2123207351041,1
10.0,0.130957154,910987.0,0.99738085692,10.0,3.0,0.0,0.0,0.9753839,0.3333333333333333,60.324708330369106,1
0.0,5.0,301835.0,0.9,0.0,21.0,0.0,0.0,0.9991553417367441,0.14285714285714285,2365.8111198177107,1
0.054165,1.130875849,21000.0,0.97738248302,0.054165,14301116.0,0.0,0.0,0.2603448520928971,0.0,1832.8374993521059,0
0.0,1.101915086,63209.0,0.97796169828,0.0,14301090.0,0.0,0.0,0.7641038395361016,0.0,1832.8374993521059,0
1756.99221894,20.0,21000.0,0.6,1756.99221894,0.0,0.0,0.0,0.9990396284813468,0.0,3065.059634452628,1
0.0,49.000000016,21000.0,0.019999999679999974,0.0,13112.0,0.0,0.0,0.9987450737999622,0.25,1863.7987072446087,1
0.0,0.154397214,60119.0,0.99691205572,0.0,1267.0,0.0,0.0,0.6013089,0.0,1882.6265903650115,0
0.0005,0.153022321,21000.0,0.99693955358,0.0005,11.0,0.0,0.0,0.73865065,0.0,18.330747586910924,0
32.0,1.0,50450.0,0.98,32.0,0.0,0.0,0.0,0.5704221585677173,0.0,0.34857897087931633,0
0.1,2.7,877594.0,0.946,0.1,10.0,0.0,0.0,0.9688211,0.14285714285714285,2555.669737049769,1
0.0,8.0,310255.0,0.84,0.0,593.0,0.0,0.0,0.9083416146959628,0.5,2492.447584762046,1
10.0,0.127599978,900559.0,0.99744800044,10.0,7.0,0.0,0.0,0.5317684218466674,0.25,60.292210290012534,1
0.1,11.0,889398.0,0.78,0.1,49.0,0.0,0.0,0.998704476694779,0.3333333333333333,2360.112835082986,1
0.0,0.252816506,22520.0,0.9949436698799999,0.0,919.0,0.0,0.0,0.5782498333333334,0.0,28.0733089123142,0
10.0,0.139130009,916195.0,0.99721739982,10.0,0.0,0.0,0.0,0.77384805,0.25,60.292210290012534,1
0.0,1.124589876,63209.0,0.9775082024799999,0.0,14301113.0,0.0,0.0,0.5022123,0.0,1832.8374993521059,0
0.0,22.502067324,28280.0,0.5499586535200001,0.0,201.0,0.0,0.0,0.5513688333333333,0.0,3067.720349474028,1
32.0,1.14937421,50526.0,0.9770125158,32.0,31526.0,0.0,0.0,0.4302623666666667,0.0,1150.9223480155788,0
1.0,0.613314572,924652.0,0.98773370856,1.0,11.0,0.0,0.0,0.20710471666666666,1.0,2.4169502186471665,1
0.0,1.122999966,34526.0,0.9775400006799999,0.0,14301086.0,0.0,0.0,0.4676698833333333,0.0,1832.8374993521059,0
0.0,0.223865103,406788.0,0.9955226979399999,0.0,3539.0,0.0,0.0,0.761459607355236,1.0,363.69342323739494,1
0.0,1.130875849,34493.0,0.97738248302,0.0,14301118.0,0.0,0.0,0.2603448520928971,0.0,1832.8374993521059,0
1.37562,1.124796026,21000.0,0.9775040794800001,1.37562,16758101.0,0.0,0.0,0.6497961166666667,0.0,1864.9879198387735,0
0.1,1.0,889398.0,0.98,0.1,9.0,0.0,0.0,0.9026902194567218,0.16666666666666666,2710.450372049734,1
0.0,1.0,22712.0,0.98,0.0,56404.0,0.0,0.0,0.9567642222222222,0.0,463.25338440138984,1
0.0,0.235006821,21487.0,0.99529986358,0.0,911.0,0.0,0.0,0.3622876666666667,0.0,28.0733089123142,0
0.1,0.614146212,924652.0,0.98771707576,0.1,14.0,0.0,0.0,0.5064996166666667,1.0,2.4169502186471665,1
0.0,55.000000041,21000.0,0.10000000081999999,0.0,13132.0,0.0,0.0,0.9991818618368843,0.25,1863.7987072446087,1
0.0,1.13472008,34436.0,0.9773055984,0.0,14829706.0,0.0,0.0,0.30426331666666667,0.0,1864.9881783217827,0
0.0,0.152632747,46262.0,0.99694734506,0.0,120.0,0.0,0.0,0.5723401,0.0,1305.4710198704734,0
0.0,1.123655772,63197.0,0.97752688456,0.0,14301103.0,0.0,0.0,0.3340990166666667,0.0,1832.8374993521059,0
0.0,1.130875849,63209.0,0.97738248302,0.0,14301117.0,0.0,0.0,0.2603448520928971,0.0,1832.8374993521059,0
0.0,1.121385085,51626.0,0.9775722983,0.0,14301108.0,0.0,0.0,0.41069325,0.0,1832.8374993521059,0
10.0,0.135792189,916195.0,0.99728415622,10.0,11.0,0.0,0.0,0.79520035,0.3333333333333333,60.324708330369106,1
1.0,0.628828977,929860.0,0.9874234204600001,1.0,10.0,0.0,0.0,0.42796826666666665,1.0,2.4169502186471665,1
0.0005,0.158145258,21000.0,0.99683709484,0.0005,12.0,0.0,0.0,0.38711491666666664,0.0,18.330747586910924,0
0.0,1.120115465,79295.0,0.9775976907,0.0,16758135.0,0.0,0.0,0.8167684333333334,0.0,1864.9879198387735,0
0.0,1.131750025,51626.0,0.9773649995,0.0,14829717.0,0.0,0.0,0.19935808333333332,0.0,1864.9881783217827,0
0.6709161778815971,0.32184763,21000.0,0.9935630474,0.6709161778815971,2490.0,0.0,0.0,0.5593574833333333,0.0,299.57218720171187,0
0.0,5.0,310255.0,0.9,0.0,601.0,0.0,0.0,0.9967379196056139,0.5,2492.447584762046,1
0.0,1.129627661,130715.0,0.97740744678,0.0,16758137.0,0.0,0.0,0.5674149666666667,0.0,1864.9879198387735,0
0.1,0.60581813,929860.0,0.9878836374,0.1,13.0,0.0,0.0,0.4102028396926977,1.0,2.4169502186471665,1
0.0,1.0,22712.0,0.98,0.0,103452.0,0.0,0.0,0.7618885740583359,0.0,463.25338440138984,1
0.0,2.084227911,24048.0,0.95831544178,0.0,69.0,0.0,0.0,0.7423743,0.0,249.0124034884517,0
0.0,2.0,26480.0,0.96,0.0,295967.0,0.0,0.0,0.3252917292598831,0.0,463.25338440138984,1
1e-05,0.208404843,21062.0,0.99583190314,1e-05,44.0,0.0,0.0,0.763457041249348,0.0,22.55149035891173,0
0.0,1.120379662,34424.0,0.97759240676,0.0,14301127.0,0.0,0.0,0.96567665,0.0,1832.8374993521059,0
0.0,0.191768991,317684.0,0.99616462018,0.0,2.0,0.0,0.0,0.5363764666666667,0.5,3.8411210678021113,1
0.1,8.6,877594.0,0.828,0.1,100.0,0.0,0.0,0.8900030519208026,0.0,2585.0565023141326,1
0.0,0.469570806,22610.0,0.99060858388,0.0,860.0,0.0,0.0,0.5009844279934165,0.0,28.0733089123142,0
10.0,0.108648575,905779.0,0.9978270285,10.0,5.0,0.0,0.0,0.6250282,0.25,60.292210290012534,1
0.0,2.107977867,35608.0,0.9578404426599999,0.0,116.0,0.0,0.0,0.3037262736505155,0.06666666666666667,501.62076554046183,1
0.0,17.486743749,25480.0,0.65026512502,0.0,29.0,0.0,0.0,0.3081140666666667,0.14285714285714285,1546.586450998957,1
0.0,1.118527119,63209.0,0.97762945762,0.0,14301104.0,0.0,0.0,0.3336167,0.0,1832.8374993521059,0
0.0,108.000000024,21000.0,1.16000000048,0.0,13038.0,0.0,0.0,0.9999024371558816,0.25,1863.7987072446087,1
0.0,0.244207023,35204.0,0.9951158595399999,0.0,478.0,0.0,0.0,0.6111452166666667,0.0,1499.9128059604848,0
10.0,0.11125005,910987.0,0.997774999,10.0,4.0,0.0,0.0,0.9084408296854549,0.25,60.292210290012534,1
0.0,0.343860092,21074.0,0.99312279816,0.0,29.0,0.0,0.0,0.5249483833333334,0.0,130.70977175120402,0
0.0,0.067364314,24636.0,0.99865271372,0.0,343.0,0.0,0.0,0.31792675,0.0,182.82163146741965,0
0.0,165.994268341,21000.0,2.3198853668200003,0.0,13193.0,0.0,0.0,0.9999056150495435,0.25,1863.7987072446087,1
10.0,0.111797512,900571.0,0.99776404976,10.0,19.0,0.0,0.0,0.6067841,0.25,60.292210290012534,1
0.1,2.134096006,924652.0,0.95731807988,0.1,0.0,0.0,0.0,0.22727373333333334,0.5,0.009394825277505098,1
0.0,0.261393985,21487.0,0.9947721203000001,0.0,917.0,0.0,0.0,0.45940166666666665,0.0,28.0733089123142,0
0.0,0.112661623,23913.0,0.99774676754,0.0,76.0,0.0,0.0,0.7780318,0.0,249.0124034884517,0
23528.8,50.127439169,21000.0,0.002548783379999975,23528.8,35.0,0.0,0.0,0.9994358469419521,0.0625,1529.6988304990282,1
6.9e-05,31.922842382,27432.0,0.36154315236,6.9e-05,40.0,0.0,0.0,0.36301286666666666,0.0,1329.3779538741542,1
0.0,32.124651317,21000.0,0.35750697365999995,0.0,1.0,0.0,0.0,0.6814516,0.14285714285714285,1151.4586588591806,1
10.0,0.118234717,905779.0,0.99763530566,10.0,7.0,0.0,0.0,0.7158124633551736,0.3333333333333333,60.324708330369106,1
0.0,0.203313235,406800.0,0.9959337353,0.0,3538.0,0.0,0.0,0.9967157666666666,1.0,363.69342323739494,1
1e-07,0.305924547,21000.0,0.9938815090600001,1e-07,0.0,0.0,0.0,0.71016275,0.0,52.50616667384351,0
4.585e-05,0.266324227,21000.0,0.99467351546,4.585e-05,11.0,0.0,0.0,0.5338525666666667,0.1111111111111111,1313.7272583067693,1
0.0,0.183280401,317696.0,0.9963343919800001,0.0,0.0,0.0,0.0,0.3014659333333333,0.5,3.8411210678021113,1
0.0,1.118527119,63209.0,0.97762945762,0.0,16758118.0,0.0,0.0,0.3336167,0.0,1864.9879198387735,0
0.0,15.379364288,22584.0,0.6924127142400001,0.0,12.0,0.0,0.0,0.3180268666666667,0.07142857142857142,1123.3851965843776,1
10.0,0.121196536,916195.0,0.99757606928,10.0,8.0,0.0,0.0,0.6848866166666666,0.25,60.292210290012534,1
0.99992,1.128625458,21000.0,0.9774274908399999,0.99992,14829714.0,0.0,0.0,0.5008630833333333,0.0,1864.9881783217827,0
0.0,0.218332501,21487.0,0.99563334998,0.0,907.0,0.0,0.0,0.3071203,0.0,28.0733089123142,0
0.0,94.193618288,21000.0,0.88387236576,0.0,13089.0,0.0,0.0,0.9990610221438939,0.25,1863.7987072446087,1
32.0,1.0,53426.0,0.98,32.0,0.0,0.0,0.0,0.5704221585677173,0.0,0.34898043250044186,0
0.0,31.040592686,39832.0,0.37918814627999997,0.0,14.0,0.0,0.0,0.9994745333333334,0.1,1267.7982960949894,1
9.492095945963e-06,0.189722547,21000.0,0.9962055490599999,9.492095945963e-06,0.0,0.0,0.0,0.8150612344641621,1.0,20.919936922198094,1
0.0,10.0,335231.0,0.8,0.0,603.0,0.0,0.0,0.501274,0.5,2492.447584762046,1
0.0,1.13116262,63209.0,0.9773767476,0.0,14829711.0,0.0,0.0,0.3058412,0.0,1864.9881783217827,0
0.0,80.10000002,21000.0,0.6020000003999999,0.0,13181.0,0.0,0.0,0.9999820489992918,0.25,1863.7987072446087,1
0.0,1.156501684,44222.0,0.97686996632,0.0,594.0,0.0,0.0,0.42896280751466714,0.0,1723.4867705585064,0
0.0,1.0,22712.0,0.98,0.0,108128.0,0.0,0.0,0.5584370833333333,0.0,463.25338440138984,1
0.0,93.179312301,21000.0,0.8635862460199999,0.0,13208.0,0.0,0.0,0.9991342148725645,0.25,1863.7987072446087,1
0.0,2.0,26480.0,0.96,0.0,277777.0,0.0,0.0,0.5063319166666667,0.0,463.25338440138984,1
32.0,1.127705787,50514.0,0.9774458842600001,32.0,31523.0,0.0,0.0,0.12158816666666666,0.0,1150.9223480155788,0
0.0,34.832472359,21720.0,0.30335055282,0.0,127.0,0.0,0.0,0.41863633333333333,0.09090909090909091,1845.7975291729028,1
0.0,2.044688579,24048.0,0.9591062284199999,0.0,72.0,0.0,0.0,0.5388780333333333,0.0,249.0124034884517,0
0.0,2.0,26480.0,0.96,0.0,280883.0,0.0,0.0,0.6122995942287531,0.0,463.25338440138984,1
0.0,1.128625458,63197.0,0.9774274908399999,0.0,16758104.0,0.0,0.0,0.5008630833333333,0.0,1864.9879198387735,0
0.001,36.073795436,21000.0,0.27852409128000005,0.001,52.0,0.0,0.0,0.9995836251749716,0.0,1900.0664636787606,1
0.0,0.412354611,25120.0,0.99175290778,0.0,1051.0,0.0,0.0,0.35023425,0.0,181.5470920324767,0
0.0,1.128625458,63209.0,0.9774274908399999,0.0,14829713.0,0.0,0.0,0.5008630833333333,0.0,1864.9881783217827,0
0.0,1.113596886,63209.0,0.97772806228,0.0,14301105.0,0.0,0.0,0.7742399,0.0,1832.8374993521059,0
0.0,1.540283413,24660.0,0.96919433174,0.0,1132.0,0.0,0.0,0.5493577666666667,0.0,181.5470920324767,0
0.0,1.124796026,79283.0,0.9775040794800001,0.0,16758099.0,0.0,0.0,0.6497961166666667,0.0,1864.9879198387735,0
1e-08,45.976049223,21000.0,0.08047901554000006,1e-08,19.0,0.0,0.0,0.3133670258092241,0.058823529411764705,1692.9759481609613,1
0.0,1.0,22712.0,0.98,0.0,127752.0,0.0,0.0,0.21688105555555556,0.0,463.25338440138984,1
50.25125628140704,0.113178892,456250.0,0.99773642216,50.25125628140704,1276.0,0.0,0.0,0.9996524102367996,0.0,3916.7527542668745,0
0.0,1.128066285,51615.0,0.9774386743,0.0,14301129.0,0.0,0.0,0.2467464177424302,0.0,1832.8374993521059,0
0.0,0.19110037,44884.0,0.9961779926,0.0,14.0,0.0,0.0,0.3879273166666667,0.0,93.20540021210633,0
1e-18,0.050390773,21000.0,0.99899218454,1e-18,196.0,0.0,0.0,0.64596925,0.0,78.54170533248947,0
32.0,1.0,53414.0,0.98,32.0,0.0,0.0,0.0,0.7823884,0.0,0.344158894966046,0
0.0,26.216445366,23912.0,0.47567109268,0.0,8.0,0.0,0.0,0.4614449,0.0,1023.4946664057313,1
0.0,1.138721327,38833.0,0.97722557346,0.0,14829687.0,0.0,0.0,0.4792229885951725,0.0,1864.9881783217827,0
10.0,0.168655816,910975.0,0.9966268836800001,10.0,16.0,0.0,0.0,0.6408803333333334,0.3333333333333333,60.324708330369106,1
0.0,150.000000012,21000.0,2.0000000002399996,0.0,13129.0,0.0,0.0,0.9994734656838026,0.25,1863.7987072446087,1
17.63433239,0.212411933,49122.0,0.99575176134,17.63433239,665.0,0.0,0.0,0.5769565339539572,0.0,2101.6599579841204,0
0.0,1.132521356,36854.0,0.97734957288,0.0,14829685.0,0.0,0.0,0.7107646333333333,0.0,1864.9881783217827,0
1e-18,0.043378191,21000.0,0.9991324361799999,1e-18,253.0,0.0,0.0,0.3839899,0.0,78.54170533248947,0
0.0,1.13472008,46109.0,0.9773055984,0.0,14829707.0,0.0,0.0,0.30426331666666667,0.0,1864.9881783217827,0
10.0,0.118008965,910987.0,0.9976398207,10.0,6.0,0.0,0.0,0.5618817666666667,0.3333333333333333,60.324708330369106,1
0.0,14.111196871,21240.0,0.7177760625799999,0.0,9.0,0.0,0.0,0.349041,0.1,1114.3396057663554,1
0.0,0.460226279,57987.0,0.99079547442,0.0,10143.0,0.0,0.0,0.47692256666666666,0.0,1276.5936111821427,0
0.0,1.121385085,61223.0,0.9775722983,0.0,16758123.0,0.0,0.0,0.41069325,0.0,1864.9879198387735,0
628.463897,100.0,21000.0,1.0,628.463897,62057.0,0.0,0.0,0.2023037666488459,0.0,3065.734394984328,1
0.0,1.121385085,96383.0,0.9775722983,0.0,16758121.0,0.0,0.0,0.41069325,0.0,1864.9879198387735,0
